-- phpMyAdmin SQL Dump
-- version 4.7.4
-- https://www.phpmyadmin.net/
--
-- Host: localhost
-- Generation Time: Jun 13, 2018 at 07:08 AM
-- Server version: 10.1.26-MariaDB
-- PHP Version: 7.1.9

SET SQL_MODE = "NO_AUTO_VALUE_ON_ZERO";
SET AUTOCOMMIT = 0;
START TRANSACTION;
SET time_zone = "+00:00";


/*!40101 SET @OLD_CHARACTER_SET_CLIENT=@@CHARACTER_SET_CLIENT */;
/*!40101 SET @OLD_CHARACTER_SET_RESULTS=@@CHARACTER_SET_RESULTS */;
/*!40101 SET @OLD_COLLATION_CONNECTION=@@COLLATION_CONNECTION */;
/*!40101 SET NAMES utf8mb4 */;

--
-- Database: `driver`
--

-- --------------------------------------------------------

--
-- Table structure for table `admin_groups`
--

CREATE TABLE `admin_groups` (
  `id` mediumint(8) UNSIGNED NOT NULL,
  `name` varchar(20) NOT NULL,
  `description` varchar(100) NOT NULL
) ENGINE=InnoDB DEFAULT CHARSET=utf8;

--
-- Dumping data for table `admin_groups`
--

INSERT INTO `admin_groups` (`id`, `name`, `description`) VALUES
(1, 'webmaster', 'Webmaster'),
(2, 'admin', 'Administrator'),
(3, 'manager', 'Manager'),
(4, 'staff', 'Staff');

-- --------------------------------------------------------

--
-- Table structure for table `admin_login_attempts`
--

CREATE TABLE `admin_login_attempts` (
  `id` int(11) UNSIGNED NOT NULL,
  `ip_address` varchar(15) NOT NULL,
  `login` varchar(100) NOT NULL,
  `time` int(11) UNSIGNED DEFAULT NULL
) ENGINE=InnoDB DEFAULT CHARSET=utf8;

-- --------------------------------------------------------

--
-- Table structure for table `admin_users`
--

CREATE TABLE `admin_users` (
  `id` int(11) UNSIGNED NOT NULL,
  `ip_address` varchar(15) NOT NULL,
  `username` varchar(100) DEFAULT NULL,
  `password` varchar(255) NOT NULL,
  `salt` varchar(255) DEFAULT NULL,
  `email` varchar(100) DEFAULT NULL,
  `activation_code` varchar(40) DEFAULT NULL,
  `forgotten_password_code` varchar(40) DEFAULT NULL,
  `forgotten_password_time` int(11) UNSIGNED DEFAULT NULL,
  `remember_code` varchar(40) DEFAULT NULL,
  `created_on` int(11) UNSIGNED NOT NULL,
  `last_login` int(11) UNSIGNED DEFAULT NULL,
  `active` tinyint(1) UNSIGNED DEFAULT NULL,
  `first_name` varchar(50) DEFAULT NULL,
  `last_name` varchar(50) DEFAULT NULL
) ENGINE=InnoDB DEFAULT CHARSET=utf8;

--
-- Dumping data for table `admin_users`
--

INSERT INTO `admin_users` (`id`, `ip_address`, `username`, `password`, `salt`, `email`, `activation_code`, `forgotten_password_code`, `forgotten_password_time`, `remember_code`, `created_on`, `last_login`, `active`, `first_name`, `last_name`) VALUES
(1, '127.0.0.1', 'webmaster', '$2y$08$/X5gzWjesYi78GqeAv5tA.dVGBVP7C1e1PzqnYCVe5s1qhlDIPPES', NULL, NULL, NULL, NULL, NULL, '53eWZ7eDx8kGH17w2Blkse', 1451900190, 1528862267, 1, 'Webmaster', ''),
(2, '127.0.0.1', 'admin', '$2y$08$7Bkco6JXtC3Hu6g9ngLZDuHsFLvT7cyAxiz1FzxlX5vwccvRT7nKW', NULL, NULL, NULL, NULL, NULL, NULL, 1451900228, 1496453429, 1, 'Admin', ''),
(3, '127.0.0.1', 'manager', '$2y$08$snzIJdFXvg/rSHe0SndIAuvZyjktkjUxBXkrrGdkPy1K6r5r/dMLa', NULL, NULL, NULL, NULL, NULL, NULL, 1451900430, 1465489585, 1, 'Manager', ''),
(4, '127.0.0.1', 'staff', '$2y$08$NigAXjN23CRKllqe3KmjYuWXD5iSRPY812SijlhGeKfkrMKde9da6', NULL, NULL, NULL, NULL, NULL, NULL, 1451900439, 1465489590, 1, 'Staff', '');

-- --------------------------------------------------------

--
-- Table structure for table `admin_users_groups`
--

CREATE TABLE `admin_users_groups` (
  `id` int(11) UNSIGNED NOT NULL,
  `user_id` int(11) UNSIGNED NOT NULL,
  `group_id` mediumint(8) UNSIGNED NOT NULL
) ENGINE=InnoDB DEFAULT CHARSET=utf8;

--
-- Dumping data for table `admin_users_groups`
--

INSERT INTO `admin_users_groups` (`id`, `user_id`, `group_id`) VALUES
(1, 1, 1),
(2, 2, 2),
(3, 3, 3),
(4, 4, 4);

-- --------------------------------------------------------

--
-- Table structure for table `ad_regions`
--

CREATE TABLE `ad_regions` (
  `id` int(11) NOT NULL,
  `ad_region` varchar(256) NOT NULL,
  `lat` double NOT NULL,
  `lng` double NOT NULL,
  `radius` varchar(256) NOT NULL,
  `order_id` int(11) NOT NULL
) ENGINE=InnoDB DEFAULT CHARSET=utf8;

--
-- Dumping data for table `ad_regions`
--

INSERT INTO `ad_regions` (`id`, `ad_region`, `lat`, `lng`, `radius`, `order_id`) VALUES
(53, 'Mong Kok', 22.3203648, 114.169773, '2', 85),
(54, 'Washington', 38.9071923, -77.0368707, '1', 86),
(55, 'New York Avenue Northwest', 38.9031763, -77.021256, '2', 86),
(56, 'San Antonio', 29.4241219, -98.4936282, '10', 86),
(57, 'Mong Kok', 22.3203648, 114.169773, '1', 87),
(58, 'Tsim Sha Tsui East', 22.2998509, 114.1788626, '0.5', 88),
(59, 'Holiday Inn Golden Mile Hong Kong', 22.2967628, 114.1727412, '5', 88);

-- --------------------------------------------------------

--
-- Table structure for table `ad_types`
--

CREATE TABLE `ad_types` (
  `id` int(11) NOT NULL,
  `type` varchar(256) NOT NULL
) ENGINE=InnoDB DEFAULT CHARSET=utf8;

--
-- Dumping data for table `ad_types`
--

INSERT INTO `ad_types` (`id`, `type`) VALUES
(1, 'Full Body'),
(2, '2 Sided'),
(3, 'Back Door');

-- --------------------------------------------------------

--
-- Table structure for table `api_access`
--

CREATE TABLE `api_access` (
  `id` int(11) UNSIGNED NOT NULL,
  `key` varchar(40) NOT NULL DEFAULT '',
  `controller` varchar(50) NOT NULL DEFAULT '',
  `date_created` datetime DEFAULT NULL,
  `date_modified` timestamp NOT NULL DEFAULT CURRENT_TIMESTAMP ON UPDATE CURRENT_TIMESTAMP
) ENGINE=InnoDB DEFAULT CHARSET=utf8;

-- --------------------------------------------------------

--
-- Table structure for table `api_keys`
--

CREATE TABLE `api_keys` (
  `id` int(11) NOT NULL,
  `user_id` int(11) NOT NULL,
  `key` varchar(40) NOT NULL,
  `level` int(2) NOT NULL,
  `ignore_limits` tinyint(1) NOT NULL DEFAULT '0',
  `is_private_key` tinyint(1) NOT NULL DEFAULT '0',
  `ip_addresses` text,
  `date_created` int(11) NOT NULL
) ENGINE=InnoDB DEFAULT CHARSET=utf8;

--
-- Dumping data for table `api_keys`
--

INSERT INTO `api_keys` (`id`, `user_id`, `key`, `level`, `ignore_limits`, `is_private_key`, `ip_addresses`, `date_created`) VALUES
(1, 0, 'anonymous', 1, 1, 0, NULL, 1463388382);

-- --------------------------------------------------------

--
-- Table structure for table `api_limits`
--

CREATE TABLE `api_limits` (
  `id` int(11) NOT NULL,
  `uri` varchar(255) NOT NULL,
  `count` int(10) NOT NULL,
  `hour_started` int(11) NOT NULL,
  `api_key` varchar(40) NOT NULL
) ENGINE=InnoDB DEFAULT CHARSET=utf8;

-- --------------------------------------------------------

--
-- Table structure for table `api_logs`
--

CREATE TABLE `api_logs` (
  `id` int(11) NOT NULL,
  `uri` varchar(255) NOT NULL,
  `method` varchar(6) NOT NULL,
  `params` text,
  `api_key` varchar(40) NOT NULL,
  `ip_address` varchar(45) NOT NULL,
  `time` int(11) NOT NULL,
  `rtime` float DEFAULT NULL,
  `authorized` varchar(1) NOT NULL,
  `response_code` smallint(3) DEFAULT '0'
) ENGINE=InnoDB DEFAULT CHARSET=utf8;

-- --------------------------------------------------------

--
-- Table structure for table `car_types`
--

CREATE TABLE `car_types` (
  `id` int(11) NOT NULL,
  `type` varchar(256) NOT NULL
) ENGINE=InnoDB DEFAULT CHARSET=utf8;

--
-- Dumping data for table `car_types`
--

INSERT INTO `car_types` (`id`, `type`) VALUES
(1, 'Van'),
(2, '5.5 ton Truck'),
(3, '9 ton Truck'),
(4, 'Tour Bus'),
(5, 'Private Car');

-- --------------------------------------------------------

--
-- Table structure for table `groups`
--

CREATE TABLE `groups` (
  `id` mediumint(8) UNSIGNED NOT NULL,
  `name` varchar(20) NOT NULL,
  `description` varchar(100) NOT NULL
) ENGINE=InnoDB DEFAULT CHARSET=utf8;

--
-- Dumping data for table `groups`
--

INSERT INTO `groups` (`id`, `name`, `description`) VALUES
(1, 'members', 'General User');

-- --------------------------------------------------------

--
-- Table structure for table `login_attempts`
--

CREATE TABLE `login_attempts` (
  `id` int(11) UNSIGNED NOT NULL,
  `ip_address` varchar(15) NOT NULL,
  `login` varchar(100) NOT NULL,
  `time` int(11) UNSIGNED DEFAULT NULL
) ENGINE=InnoDB DEFAULT CHARSET=utf8;

-- --------------------------------------------------------

--
-- Table structure for table `notifications`
--

CREATE TABLE `notifications` (
  `id` int(11) NOT NULL,
  `sender_id` int(11) NOT NULL,
  `receiver_ids` varchar(256) NOT NULL,
  `message` varchar(256) NOT NULL,
  `n_sent` tinyint(4) NOT NULL DEFAULT '0',
  `n_read` tinyint(4) NOT NULL DEFAULT '0',
  `type` enum('message','cutting_time','remove','review','join','left') NOT NULL DEFAULT 'message',
  `order_id` int(11) NOT NULL DEFAULT '0',
  `created_on` timestamp NOT NULL DEFAULT CURRENT_TIMESTAMP ON UPDATE CURRENT_TIMESTAMP
) ENGINE=InnoDB DEFAULT CHARSET=utf8;

--
-- Dumping data for table `notifications`
--

INSERT INTO `notifications` (`id`, `sender_id`, `receiver_ids`, `message`, `n_sent`, `n_read`, `type`, `order_id`, `created_on`) VALUES
(1213, 45, '47', 'Your turn, enjoy your haircut!', 1, 0, 'cutting_time', 0, '2017-08-29 17:16:46'),
(1214, 45, '47', 'Please leave your review', 1, 0, 'review', 510, '2017-08-29 17:16:01'),
(1215, 364, '45', ' has joined your queue in position 1', 1, 0, 'join', 0, '2017-08-29 19:42:16'),
(1216, 45, '364', 'Please leave your review', 1, 0, 'review', 511, '2017-08-29 19:42:46'),
(1217, 364, '45', ' has joined your queue in position 4', 1, 0, 'join', 0, '2017-08-30 07:41:46'),
(1218, 45, '376', 'Please leave your review', 1, 0, 'review', 512, '2017-08-30 07:42:46'),
(1219, 45, '377', 'Your turn, enjoy your haircut!', 1, 0, 'cutting_time', 0, '2017-08-30 07:43:01'),
(1220, 45, '378', 'You are now 2nd in the queue. Estimation: 21 minutes until haricut!', 1, 0, 'cutting_time', 0, '2017-08-30 07:43:16'),
(1221, 45, '364', 'You are now 3rd in the queue. Estimation: 42 minutes until haricut!', 1, 0, 'cutting_time', 0, '2017-08-30 07:43:31'),
(1222, 45, '377', 'Please leave your review', 1, 0, 'review', 513, '2017-08-30 07:43:46'),
(1223, 45, '378', 'Your turn, enjoy your haircut!', 1, 0, 'cutting_time', 0, '2017-08-30 07:44:01'),
(1224, 45, '364', 'You are now 2nd in the queue. Estimation: 21 minutes until haricut!', 1, 0, 'cutting_time', 0, '2017-08-30 07:44:16'),
(1225, 45, '378', 'Please leave your review', 1, 0, 'review', 514, '2017-08-30 07:44:31'),
(1226, 45, '364', 'Your turn, enjoy your haircut!', 1, 0, 'cutting_time', 0, '2017-08-30 07:44:46'),
(1227, 45, '364', 'Please leave your review', 1, 0, 'review', 515, '2017-08-30 07:45:01'),
(1228, 234, '45', 'Jonny Hopkins has joined your queue in position 1', 1, 0, 'join', 0, '2017-08-30 11:04:31'),
(1229, 45, '234', 'Please leave your review', 1, 0, 'review', 516, '2017-08-30 11:05:01'),
(1230, 234, '45', 'Jonny Hopkins has joined your queue in position 4', 1, 0, 'join', 0, '2017-08-30 11:08:46'),
(1231, 45, '380', 'Please leave your review', 1, 0, 'review', 517, '2017-08-30 11:09:31'),
(1232, 45, '381', 'Your turn, enjoy your haircut!', 1, 0, 'cutting_time', 0, '2017-08-30 11:09:46'),
(1233, 45, '382', 'You are now 2nd in the queue. Estimation: 21 minutes until haricut!', 1, 0, 'cutting_time', 0, '2017-08-30 11:10:01'),
(1234, 45, '234', 'You are now 3rd in the queue. Estimation: 42 minutes until haricut!', 1, 0, 'cutting_time', 0, '2017-08-30 11:10:16'),
(1235, 45, '381', 'Please leave your review', 1, 0, 'review', 518, '2017-08-30 11:11:01'),
(1236, 45, '382', 'Your turn, enjoy your haircut!', 1, 0, 'cutting_time', 0, '2017-08-30 11:11:16'),
(1237, 45, '234', 'You are now 2nd in the queue. Estimation: 20 minutes until haricut!', 1, 0, 'cutting_time', 0, '2017-08-30 11:11:31'),
(1238, 45, '382', 'Please leave your review', 1, 0, 'review', 519, '2017-08-30 11:15:01'),
(1239, 45, '234', 'Your turn, enjoy your haircut!', 1, 0, 'cutting_time', 0, '2017-08-30 11:15:16'),
(1240, 45, '234', 'Please leave your review', 1, 0, 'review', 520, '2017-08-30 11:18:16'),
(1241, 234, '45', 'Jonny Hopkins has joined your queue in position 3', 1, 0, 'join', 0, '2017-08-30 11:20:01'),
(1242, 45, '383', 'Please leave your review', 1, 0, 'review', 521, '2017-08-30 11:21:01'),
(1243, 45, '384', 'Your turn, enjoy your haircut!', 1, 0, 'cutting_time', 0, '2017-08-30 11:21:16'),
(1244, 45, '234', 'You are now 2nd in the queue. Estimation: 20 minutes until haricut!', 1, 0, 'cutting_time', 0, '2017-08-30 11:21:31'),
(1245, 45, '384', 'Please leave your review', 1, 0, 'review', 522, '2017-08-30 11:22:16'),
(1246, 45, '234', 'Your turn, enjoy your haircut!', 1, 0, 'cutting_time', 0, '2017-08-30 11:22:31'),
(1247, 386, '282', 'jayjay.24@hotmail.com has joined your queue in position 1', 1, 0, 'join', 0, '2017-08-30 14:40:01'),
(1248, 363, '45', 'Qwork Barber app has joined your queue in position 2', 1, 0, 'join', 0, '2017-08-30 14:54:31'),
(1249, 45, '234', 'Please leave your review', 1, 0, 'review', 523, '2017-08-30 14:56:16'),
(1250, 45, '363', 'Your turn, enjoy your haircut!', 1, 0, 'cutting_time', 0, '2017-08-30 14:56:31'),
(1251, 45, '387', 'You are now 2nd in the queue. Estimation: 20 minutes until haricut!', 1, 0, 'cutting_time', 0, '2017-08-30 14:56:46'),
(1252, 45, '363', 'Please leave your review', 1, 0, 'review', 525, '2017-08-30 15:02:01'),
(1253, 45, '387', 'Your turn, enjoy your haircut!', 1, 0, 'cutting_time', 0, '2017-08-30 15:02:16'),
(1254, 45, '388', 'You are now 2nd in the queue. Estimation: 20 minutes until haricut!', 1, 0, 'cutting_time', 0, '2017-08-30 15:02:31'),
(1255, 363, '45', 'Qwork Barber app has joined your queue in position 4', 1, 0, 'join', 0, '2017-08-30 15:04:46'),
(1256, 45, '387', 'Please leave your review', 1, 0, 'review', 526, '2017-08-30 15:05:31'),
(1257, 45, '388', 'Your turn, enjoy your haircut!', 1, 0, 'cutting_time', 0, '2017-08-30 15:05:46'),
(1258, 45, '389', 'You are now 2nd in the queue. Estimation: 20 minutes until haricut!', 1, 0, 'cutting_time', 0, '2017-08-30 15:06:01'),
(1259, 45, '363', 'You are now 3rd in the queue. Estimation: 40 minutes until haricut!', 1, 0, 'cutting_time', 0, '2017-08-30 15:06:16'),
(1260, 45, '388', 'Please leave your review', 1, 0, 'review', 527, '2017-08-30 15:06:31'),
(1261, 45, '389', 'Your turn, enjoy your haircut!', 1, 0, 'cutting_time', 0, '2017-08-30 15:06:46'),
(1262, 45, '363', 'You are now 2nd in the queue. Estimation: 20 minutes until haricut!', 1, 0, 'cutting_time', 0, '2017-08-30 15:07:01'),
(1263, 45, '389', 'Please leave your review', 1, 0, 'review', 528, '2017-08-30 15:08:01'),
(1264, 45, '363', 'Your turn, enjoy your haircut!', 1, 0, 'cutting_time', 0, '2017-08-30 15:08:16'),
(1265, 86, '45', 'Jack Garvin has joined your queue in position 2', 1, 0, 'join', 0, '2017-08-30 21:04:46'),
(1266, 45, '363', 'Please leave your review', 1, 0, 'review', 529, '2017-08-31 08:38:46'),
(1267, 45, '86', 'Your turn, enjoy your haircut!', 1, 0, 'cutting_time', 0, '2017-08-31 08:39:01'),
(1268, 45, '86', 'Hey', 1, 0, 'message', 0, '2017-08-31 14:15:01');

-- --------------------------------------------------------

--
-- Table structure for table `orders`
--

CREATE TABLE `orders` (
  `order_id` int(11) NOT NULL,
  `ad_ids` varchar(256) NOT NULL,
  `car_type_id` int(11) DEFAULT NULL,
  `ad_theme` varchar(256) NOT NULL,
  `ad_type_id` int(11) NOT NULL,
  `ad_size` varchar(256) NOT NULL,
  `ad_period` varchar(256) NOT NULL,
  `ad_start` varchar(256) NOT NULL,
  `ad_end` varchar(256) NOT NULL,
  `order_days` int(11) NOT NULL,
  `order_months` float NOT NULL,
  `total_amount` float NOT NULL,
  `amount` int(11) NOT NULL,
  `status` enum('pending','accepted','completed','deleted') NOT NULL DEFAULT 'pending',
  `user_id` int(11) NOT NULL,
  `created_at` timestamp NOT NULL DEFAULT CURRENT_TIMESTAMP
) ENGINE=InnoDB DEFAULT CHARSET=utf8;

--
-- Dumping data for table `orders`
--

INSERT INTO `orders` (`order_id`, `ad_ids`, `car_type_id`, `ad_theme`, `ad_type_id`, `ad_size`, `ad_period`, `ad_start`, `ad_end`, `order_days`, `order_months`, `total_amount`, `amount`, `status`, `user_id`, `created_at`) VALUES
(85, '53', 2, 'Banking', 3, '20 x6', '06/06/2018 - 07/19/2018', '06/06/2018', '07/19/2018', 43, 1.43333, 143, 100, 'accepted', 6, '2018-06-06 04:29:54'),
(86, '54,55,56', 4, 'Restaurant', 2, '2 x 3', '06/06/2018 - 08/10/2018', '06/06/2018', '08/10/2018', 65, 2.16667, 2166, 1000, 'accepted', 24, '2018-06-06 04:31:53'),
(87, '57', 1, 'food', 1, '12 x 4', '06/06/2018 - 07/19/2018', '06/06/2018', '07/19/2018', 43, 1.43333, 1433, 1000, 'accepted', 5, '2018-06-06 06:09:11'),
(88, '58,59', 2, 'Campagin', 1, '3 x 3', '06/06/2018 - 07/21/2018', '06/06/2018', '07/21/2018', 45, 1.5, 2250, 1500, 'accepted', 25, '2018-06-06 14:44:29');

-- --------------------------------------------------------

--
-- Table structure for table `records`
--

CREATE TABLE `records` (
  `id` int(11) NOT NULL,
  `user_id` int(11) NOT NULL,
  `order_id` int(11) NOT NULL,
  `lat` varchar(256) NOT NULL,
  `lng` varchar(256) NOT NULL,
  `speed` float NOT NULL,
  `distance` double NOT NULL,
  `status` enum('valid','invalid') NOT NULL DEFAULT 'valid',
  `created_at` varchar(256) NOT NULL,
  `time` timestamp NOT NULL DEFAULT CURRENT_TIMESTAMP
) ENGINE=InnoDB DEFAULT CHARSET=utf8;

--
-- Dumping data for table `records`
--

INSERT INTO `records` (`id`, `user_id`, `order_id`, `lat`, `lng`, `speed`, `distance`, `status`, `created_at`, `time`) VALUES
(437, 5, 87, '33.985805', '-118.25411166666666', 20, 0, 'valid', '1528348905', '2018-06-07 05:21:45'),
(438, 5, 87, '34.985805', '-117.25411166666666', 20, 0, 'valid', '1528348905', '2018-06-07 05:21:45'),
(439, 5, 87, '35.985805', '-128.25411166666666', 20, 20, 'valid', '1528348906', '2018-06-07 05:21:46'),
(440, 5, 87, '33.985805', '-118.25411166666666', 20, 60, 'valid', '1528348909', '2018-06-07 05:21:49'),
(441, 5, 87, '33.985805', '-118.25411166666666', 20, 0, 'valid', '1528348909', '2018-06-07 05:21:49'),
(442, 5, 87, '33.985805', '-118.25411166666666', 20, 20, 'valid', '1528348910', '2018-06-07 05:21:50'),
(443, 5, 87, '33.985805', '-118.25411166666666', 20, 80, 'valid', '1528348914', '2018-06-07 05:21:54'),
(444, 5, 87, '33.985805', '-118.25411166666666', 20, 40, 'valid', '1528348916', '2018-06-07 05:21:56'),
(445, 5, 87, '33.985805', '-118.25411166666666', 20, 0, 'valid', '1528348916', '2018-06-07 05:21:56'),
(446, 5, 87, '33.985805', '-118.25411166666666', 20, 60, 'valid', '1528348919', '2018-06-07 05:21:59'),
(447, 5, 87, '33.985805', '-118.25411166666666', 20, 20, 'valid', '1528348920', '2018-06-07 05:22:00'),
(448, 5, 87, '33.985805', '-118.25411166666666', 20, 0, 'valid', '1528348920', '2018-06-07 05:22:00'),
(449, 5, 87, '33.985805', '-118.25411166666666', 20, 80, 'valid', '1528348924', '2018-06-07 05:22:04'),
(450, 5, 87, '33.985805', '-118.25411166666666', 20, 0, 'valid', '1528348924', '2018-06-07 05:22:04'),
(451, 5, 87, '33.985805', '-118.25411166666666', 20, 20, 'valid', '1528348925', '2018-06-07 05:22:05'),
(452, 5, 87, '33.985805', '-118.25411166666666', 20, 80, 'valid', '1528348929', '2018-06-07 05:22:09'),
(453, 5, 87, '33.985805', '-118.25411166666666', 20, 20, 'valid', '1528348930', '2018-06-07 05:22:10'),
(454, 5, 87, '33.985805', '-118.25411166666666', 20, 0, 'valid', '1528348930', '2018-06-07 05:22:10'),
(455, 5, 87, '33.985805', '-118.25411166666666', 20, 80, 'valid', '1528348934', '2018-06-07 05:22:14'),
(456, 5, 87, '33.985805', '-118.25411166666666', 20, 0, 'valid', '1528348934', '2018-06-07 05:22:14'),
(457, 5, 87, '33.985805', '-118.25411166666666', 20, 20, 'valid', '1528348935', '2018-06-07 05:22:15'),
(458, 5, 87, '33.985805', '-118.25411166666666', 20, 80, 'valid', '1528348939', '2018-06-07 05:22:19'),
(459, 5, 87, '33.985805', '-118.25411166666666', 20, 0, 'valid', '1528348939', '2018-06-07 05:22:19'),
(460, 5, 87, '33.985805', '-118.25411166666666', 20, 20, 'valid', '1528348940', '2018-06-07 05:22:20'),
(461, 5, 87, '33.985805', '-118.25411166666666', 20, 80, 'valid', '1528348944', '2018-06-07 05:22:24'),
(462, 5, 87, '33.985805', '-118.25411166666666', 20, 0, 'valid', '1528348944', '2018-06-07 05:22:24'),
(463, 5, 87, '33.985805', '-118.25411166666666', 20, 20, 'valid', '1528348945', '2018-06-07 05:22:25'),
(464, 5, 87, '33.985805', '-118.25411166666666', 20, 80, 'valid', '1528348949', '2018-06-07 05:22:29'),
(465, 5, 87, '33.985805', '-118.25411166666666', 20, 20, 'valid', '1528348950', '2018-06-07 05:22:30'),
(466, 5, 87, '33.985805', '-118.25411166666666', 20, 20, 'valid', '1528348951', '2018-06-07 05:22:31'),
(467, 5, 87, '33.985805', '-118.25411166666666', 20, 60, 'valid', '1528348954', '2018-06-07 05:22:34'),
(468, 5, 87, '33.985805', '-118.25411166666666', 20, 0, 'valid', '1528348954', '2018-06-07 05:22:34'),
(469, 5, 87, '33.985805', '-118.25411166666666', 20, 20, 'valid', '1528348955', '2018-06-07 05:22:35'),
(470, 5, 87, '33.985805', '-118.25411166666666', 20, 80, 'valid', '1528348959', '2018-06-07 05:22:39'),
(471, 5, 87, '33.985805', '-118.25411166666666', 20, 0, 'valid', '1528348959', '2018-06-07 05:22:39'),
(472, 5, 87, '33.985805', '-118.25411166666666', 20, 40, 'valid', '1528348961', '2018-06-07 05:22:41'),
(473, 5, 87, '33.985805', '-118.25411166666666', 20, 80, 'valid', '1528348965', '2018-06-07 05:22:45'),
(474, 5, 87, '33.985805', '-118.25411166666666', 20, 0, 'valid', '1528348965', '2018-06-07 05:22:45'),
(475, 5, 87, '33.985805', '-118.25411166666666', 20, 20, 'valid', '1528348966', '2018-06-07 05:22:46'),
(476, 5, 87, '33.985805', '-118.25411166666666', 20, 60, 'valid', '1528348969', '2018-06-07 05:22:49'),
(477, 5, 87, '33.985805', '-118.25411166666666', 20, 0, 'valid', '1528348969', '2018-06-07 05:22:49'),
(478, 5, 87, '33.985805', '-118.25411166666666', 20, 20, 'valid', '1528348970', '2018-06-07 05:22:50'),
(479, 5, 87, '33.985805', '-118.25411166666666', 20, 80, 'valid', '1528348974', '2018-06-07 05:22:54'),
(480, 5, 87, '33.985805', '-118.25411166666666', 20, 20, 'valid', '1528348975', '2018-06-07 05:22:55'),
(481, 5, 87, '33.985805', '-118.25411166666666', 20, 20, 'valid', '1528348976', '2018-06-07 05:22:56'),
(482, 5, 87, '33.985805', '-118.25411166666666', 20, 60, 'valid', '1528348979', '2018-06-07 05:22:59'),
(483, 5, 87, '33.985805', '-118.25411166666666', 20, 0, 'valid', '1528348979', '2018-06-07 05:22:59'),
(484, 5, 87, '33.985805', '-118.25411166666666', 20, 20, 'valid', '1528348980', '2018-06-07 05:23:00'),
(485, 5, 87, '33.985805', '-118.25411166666666', 20, 80, 'valid', '1528348984', '2018-06-07 05:23:04'),
(486, 5, 87, '33.985805', '-118.25411166666666', 20, 0, 'valid', '1528348984', '2018-06-07 05:23:04'),
(487, 5, 87, '33.985805', '-118.25411166666666', 20, 40, 'valid', '1528348986', '2018-06-07 05:23:06'),
(488, 5, 87, '33.985805', '-118.25411166666666', 20, 60, 'valid', '1528348989', '2018-06-07 05:23:09'),
(489, 5, 87, '33.985805', '-118.25411166666666', 20, 20, 'valid', '1528348990', '2018-06-07 05:23:10'),
(490, 5, 87, '33.985805', '-118.25411166666666', 20, 0, 'valid', '1528348990', '2018-06-07 05:23:10'),
(491, 5, 87, '33.985805', '-118.25411166666666', 20, 80, 'valid', '1528348994', '2018-06-07 05:23:14'),
(492, 5, 87, '33.985805', '-118.25411166666666', 20, 0, 'valid', '1528348994', '2018-06-07 05:23:14'),
(493, 5, 87, '33.985805', '-118.25411166666666', 20, 40, 'valid', '1528348996', '2018-06-07 05:23:16'),
(494, 5, 87, '33.985805', '-118.25411166666666', 20, 60, 'valid', '1528348999', '2018-06-07 05:23:19'),
(495, 5, 87, '33.985805', '-118.25411166666666', 20, 20, 'valid', '1528349000', '2018-06-07 05:23:20'),
(496, 5, 87, '33.985805', '-118.25411166666666', 20, 20, 'valid', '1528349001', '2018-06-07 05:23:21'),
(497, 5, 87, '33.985805', '-118.25411166666666', 20, 60, 'valid', '1528349004', '2018-06-07 05:23:24'),
(498, 5, 87, '33.985805', '-118.25411166666666', 20, 20, 'valid', '1528349005', '2018-06-07 05:23:25'),
(499, 5, 87, '33.985805', '-118.25411166666666', 20, 0, 'valid', '1528349005', '2018-06-07 05:23:25'),
(500, 5, 87, '33.985805', '-118.25411166666666', 20, 80, 'valid', '1528349009', '2018-06-07 05:23:29'),
(501, 5, 87, '33.985805', '-118.25411166666666', 20, 0, 'valid', '1528349009', '2018-06-07 05:23:29'),
(502, 5, 87, '33.985805', '-118.25411166666666', 20, 20, 'valid', '1528349010', '2018-06-07 05:23:30'),
(503, 5, 87, '33.985805', '-118.25411166666666', 20, 80, 'valid', '1528349014', '2018-06-07 05:23:34'),
(504, 5, 87, '33.985805', '-118.25411166666666', 20, 20, 'valid', '1528349015', '2018-06-07 05:23:35'),
(505, 5, 87, '33.985805', '-118.25411166666666', 20, 0, 'valid', '1528349015', '2018-06-07 05:23:35'),
(506, 5, 87, '33.985805', '-118.25411166666666', 20, 80, 'valid', '1528349019', '2018-06-07 05:23:39'),
(507, 5, 87, '33.985805', '-118.25411166666666', 20, 0, 'valid', '1528349019', '2018-06-07 05:23:39'),
(508, 5, 87, '33.985805', '-118.25411166666666', 20, 20, 'valid', '1528349020', '2018-06-07 05:23:40'),
(509, 5, 87, '33.985805', '-118.25411166666666', 20, 80, 'valid', '1528349024', '2018-06-07 05:23:44'),
(510, 5, 87, '33.985805', '-118.25411166666666', 20, 20, 'valid', '1528349025', '2018-06-07 05:23:45'),
(511, 5, 87, '33.985805', '-118.25411166666666', 20, 0, 'valid', '1528349025', '2018-06-07 05:23:45'),
(512, 5, 87, '33.985805', '-118.25411166666666', 20, 80, 'valid', '1528349029', '2018-06-07 05:23:49'),
(513, 5, 87, '33.985805', '-118.25411166666666', 20, 0, 'valid', '1528349029', '2018-06-07 05:23:49'),
(514, 5, 87, '33.985805', '-118.25411166666666', 20, 20, 'valid', '1528349030', '2018-06-07 05:23:50'),
(515, 5, 87, '33.985805', '-118.25411166666666', 20, 80, 'valid', '1528349034', '2018-06-07 05:23:54'),
(516, 5, 87, '33.985805', '-118.25411166666666', 20, 20, 'valid', '1528349035', '2018-06-07 05:23:55'),
(517, 5, 87, '33.985805', '-118.25411166666666', 20, 0, 'valid', '1528349035', '2018-06-07 05:23:55'),
(518, 5, 87, '33.985805', '-118.25411166666666', 20, 80, 'valid', '1528349039', '2018-06-07 05:23:59'),
(519, 5, 87, '33.985805', '-118.25411166666666', 20, 0, 'valid', '1528349039', '2018-06-07 05:23:59'),
(520, 5, 87, '33.985805', '-118.25411166666666', 20, 20, 'valid', '1528349040', '2018-06-07 05:24:00'),
(521, 5, 87, '33.985805', '-118.25411166666666', 20, 80, 'valid', '1528349044', '2018-06-07 05:24:04'),
(522, 5, 87, '33.985805', '-118.25411166666666', 20, 0, 'valid', '1528349044', '2018-06-07 05:24:04'),
(523, 5, 87, '33.985805', '-118.25411166666666', 20, 20, 'valid', '1528349045', '2018-06-07 05:24:05'),
(524, 5, 87, '33.985805', '-118.25411166666666', 20, 80, 'valid', '1528349049', '2018-06-07 05:24:09'),
(525, 5, 87, '33.985805', '-118.25411166666666', 20, 20, 'valid', '1528349050', '2018-06-07 05:24:10'),
(526, 5, 87, '33.985805', '-118.25411166666666', 20, 0, 'valid', '1528349050', '2018-06-07 05:24:10'),
(527, 5, 87, '33.985805', '-118.25411166666666', 20, 80, 'valid', '1528349054', '2018-06-07 05:24:14'),
(528, 5, 87, '33.985805', '-118.25411166666666', 20, 0, 'valid', '1528349054', '2018-06-07 05:24:14'),
(529, 5, 87, '33.985805', '-118.25411166666666', 20, 20, 'valid', '1528349055', '2018-06-07 05:24:15'),
(530, 5, 87, '33.985805', '-118.25411166666666', 20, 80, 'valid', '1528349059', '2018-06-07 05:24:19'),
(531, 5, 87, '33.985805', '-118.25411166666666', 20, 0, 'valid', '1528349059', '2018-06-07 05:24:19'),
(532, 5, 87, '33.985805', '-118.25411166666666', 20, 40, 'valid', '1528349061', '2018-06-07 05:24:21'),
(533, 5, 87, '33.985805', '-118.25411166666666', 20, 60, 'valid', '1528349064', '2018-06-07 05:24:24'),
(534, 5, 87, '33.985805', '-118.25411166666666', 20, 20, 'valid', '1528349065', '2018-06-07 05:24:25'),
(535, 5, 87, '33.985805', '-118.25411166666666', 20, 0, 'valid', '1528349065', '2018-06-07 05:24:25'),
(536, 5, 87, '33.985805', '-118.25411166666666', 20, 80, 'valid', '1528349069', '2018-06-07 05:24:29'),
(537, 5, 87, '33.985805', '-118.25411166666666', 20, 0, 'valid', '1528349069', '2018-06-07 05:24:29'),
(538, 5, 87, '33.985805', '-118.25411166666666', 20, 20, 'valid', '1528349070', '2018-06-07 05:24:30'),
(539, 5, 87, '33.985805', '-118.25411166666666', 20, 80, 'valid', '1528349074', '2018-06-07 05:24:34'),
(540, 5, 87, '33.985805', '-118.25411166666666', 20, 0, 'valid', '1528349074', '2018-06-07 05:24:34'),
(541, 5, 87, '33.985805', '-118.25411166666666', 20, 40, 'valid', '1528349076', '2018-06-07 05:24:36'),
(542, 5, 87, '33.985805', '-118.25411166666666', 20, 60, 'valid', '1528349079', '2018-06-07 05:24:39'),
(543, 5, 87, '33.985805', '-118.25411166666666', 20, 20, 'valid', '1528349080', '2018-06-07 05:24:40'),
(544, 5, 87, '33.985805', '-118.25411166666666', 20, 20, 'valid', '1528349081', '2018-06-07 05:24:41'),
(545, 5, 87, '33.985805', '-118.25411166666666', 20, 60, 'valid', '1528349084', '2018-06-07 05:24:44'),
(546, 5, 87, '33.985805', '-118.25411166666666', 20, 20, 'valid', '1528349085', '2018-06-07 05:24:45'),
(547, 5, 87, '33.985805', '-118.25411166666666', 20, 0, 'valid', '1528349085', '2018-06-07 05:24:45'),
(548, 5, 87, '33.985805', '-118.25411166666666', 20, 80, 'valid', '1528349089', '2018-06-07 05:24:49'),
(549, 5, 87, '33.985805', '-118.25411166666666', 20, 0, 'valid', '1528349089', '2018-06-07 05:24:49'),
(550, 5, 87, '33.985805', '-118.25411166666666', 20, 40, 'valid', '1528349091', '2018-06-07 05:24:51'),
(551, 5, 87, '33.985805', '-118.25411166666666', 20, 60, 'valid', '1528349094', '2018-06-07 05:24:54'),
(552, 5, 87, '33.985805', '-118.25411166666666', 20, 0, 'valid', '1528349094', '2018-06-07 05:24:54'),
(553, 5, 87, '33.985805', '-118.25411166666666', 20, 20, 'valid', '1528349095', '2018-06-07 05:24:55'),
(554, 5, 87, '33.985805', '-118.25411166666666', 20, 80, 'valid', '1528349099', '2018-06-07 05:24:59'),
(555, 5, 87, '33.985805', '-118.25411166666666', 20, 20, 'valid', '1528349100', '2018-06-07 05:25:00'),
(556, 5, 87, '33.985805', '-118.25411166666666', 20, 0, 'valid', '1528349100', '2018-06-07 05:25:00'),
(557, 5, 87, '33.985805', '-118.25411166666666', 20, 80, 'valid', '1528349104', '2018-06-07 05:25:04'),
(558, 5, 87, '33.985805', '-118.25411166666666', 20, 0, 'valid', '1528349104', '2018-06-07 05:25:04'),
(559, 5, 87, '33.985805', '-118.25411166666666', 20, 20, 'valid', '1528349105', '2018-06-07 05:25:05'),
(560, 5, 87, '33.985805', '-118.25411166666666', 20, 80, 'valid', '1528349109', '2018-06-07 05:25:09'),
(561, 5, 87, '33.985805', '-118.25411166666666', 20, 0, 'valid', '1528349109', '2018-06-07 05:25:09'),
(562, 5, 87, '33.985805', '-118.25411166666666', 20, 20, 'valid', '1528349110', '2018-06-07 05:25:10'),
(563, 5, 87, '33.985805', '-118.25411166666666', 20, 80, 'valid', '1528349114', '2018-06-07 05:25:14'),
(564, 5, 87, '33.985805', '-118.25411166666666', 20, 0, 'valid', '1528349114', '2018-06-07 05:25:14'),
(565, 5, 87, '33.985805', '-118.25411166666666', 20, 20, 'valid', '1528349115', '2018-06-07 05:25:15'),
(566, 5, 87, '33.985805', '-118.25411166666666', 20, 80, 'valid', '1528349119', '2018-06-07 05:25:19'),
(567, 5, 87, '33.985805', '-118.25411166666666', 20, 20, 'valid', '1528349120', '2018-06-07 05:25:20'),
(568, 5, 87, '33.985805', '-118.25411166666666', 20, 20, 'valid', '1528349121', '2018-06-07 05:25:21'),
(569, 5, 87, '33.985805', '-118.25411166666666', 20, 60, 'valid', '1528349124', '2018-06-07 05:25:24'),
(570, 5, 87, '33.985805', '-118.25411166666666', 20, 0, 'valid', '1528349124', '2018-06-07 05:25:24'),
(571, 5, 87, '33.985805', '-118.25411166666666', 20, 20, 'valid', '1528349125', '2018-06-07 05:25:25'),
(572, 5, 87, '33.985805', '-118.25411166666666', 20, 80, 'valid', '1528349129', '2018-06-07 05:25:29'),
(573, 5, 87, '33.985805', '-118.25411166666666', 20, 0, 'valid', '1528349129', '2018-06-07 05:25:29'),
(574, 5, 87, '33.985805', '-118.25411166666666', 20, 20, 'valid', '1528349130', '2018-06-07 05:25:30'),
(575, 5, 87, '33.985805', '-118.25411166666666', 20, 80, 'valid', '1528349134', '2018-06-07 05:25:34'),
(576, 5, 87, '33.985805', '-118.25411166666666', 20, 0, 'valid', '1528349134', '2018-06-07 05:25:34'),
(577, 5, 87, '33.985805', '-118.25411166666666', 20, 20, 'valid', '1528349135', '2018-06-07 05:25:35'),
(578, 5, 87, '33.985805', '-118.25411166666666', 20, 80, 'valid', '1528349139', '2018-06-07 05:25:39'),
(579, 5, 87, '33.985805', '-118.25411166666666', 20, 0, 'valid', '1528349139', '2018-06-07 05:25:39'),
(580, 5, 87, '33.985805', '-118.25411166666666', 20, 20, 'valid', '1528349140', '2018-06-07 05:25:40'),
(581, 5, 87, '33.985805', '-118.25411166666666', 20, 80, 'valid', '1528349144', '2018-06-07 05:25:44'),
(582, 5, 87, '33.985805', '-118.25411166666666', 20, 0, 'valid', '1528349144', '2018-06-07 05:25:44'),
(583, 5, 87, '33.985805', '-118.25411166666666', 20, 20, 'valid', '1528349145', '2018-06-07 05:25:45'),
(584, 5, 87, '33.985805', '-118.25411166666666', 20, 80, 'valid', '1528349149', '2018-06-07 05:25:49'),
(585, 5, 87, '33.985805', '-118.25411166666666', 20, 0, 'valid', '1528349149', '2018-06-07 05:25:49'),
(586, 5, 87, '33.985805', '-118.25411166666666', 20, 20, 'valid', '1528349150', '2018-06-07 05:25:50'),
(587, 5, 87, '33.985805', '-118.25411166666666', 20, 80, 'valid', '1528349154', '2018-06-07 05:25:54'),
(588, 5, 87, '33.985805', '-118.25411166666666', 20, 0, 'valid', '1528349154', '2018-06-07 05:25:54'),
(589, 5, 87, '33.985805', '-118.25411166666666', 20, 20, 'valid', '1528349155', '2018-06-07 05:25:55'),
(590, 5, 87, '33.985805', '-118.25411166666666', 20, 80, 'valid', '1528349159', '2018-06-07 05:25:59'),
(591, 5, 87, '33.985805', '-118.25411166666666', 20, 0, 'valid', '1528349159', '2018-06-07 05:25:59'),
(592, 5, 87, '33.985805', '-118.25411166666666', 20, 40, 'valid', '1528349161', '2018-06-07 05:26:01'),
(593, 5, 87, '33.985805', '-118.25411166666666', 20, 60, 'valid', '1528349164', '2018-06-07 05:26:04'),
(594, 5, 87, '33.985805', '-118.25411166666666', 20, 0, 'valid', '1528349164', '2018-06-07 05:26:04'),
(595, 5, 87, '33.985805', '-118.25411166666666', 20, 20, 'valid', '1528349165', '2018-06-07 05:26:05'),
(596, 5, 87, '33.985805', '-118.25411166666666', 20, 80, 'valid', '1528349169', '2018-06-07 05:26:09'),
(597, 5, 87, '33.985805', '-118.25411166666666', 20, 0, 'valid', '1528349169', '2018-06-07 05:26:09'),
(598, 5, 87, '33.985805', '-118.25411166666666', 20, 20, 'valid', '1528349170', '2018-06-07 05:26:10'),
(599, 5, 87, '33.985805', '-118.25411166666666', 20, 80, 'valid', '1528349174', '2018-06-07 05:26:14'),
(600, 5, 87, '33.985805', '-118.25411166666666', 20, 0, 'valid', '1528349174', '2018-06-07 05:26:14'),
(601, 5, 87, '33.985805', '-118.25411166666666', 20, 40, 'valid', '1528349176', '2018-06-07 05:26:16'),
(602, 5, 87, '33.985805', '-118.25411166666666', 20, 60, 'valid', '1528349179', '2018-06-07 05:26:19'),
(603, 5, 87, '33.985805', '-118.25411166666666', 20, 20, 'valid', '1528349180', '2018-06-07 05:26:20'),
(604, 5, 87, '33.985805', '-118.25411166666666', 20, 0, 'valid', '1528349180', '2018-06-07 05:26:20'),
(605, 5, 87, '33.985805', '-118.25411166666666', 20, 80, 'valid', '1528349184', '2018-06-07 05:26:24'),
(606, 5, 87, '33.985805', '-118.25411166666666', 20, 0, 'valid', '1528349184', '2018-06-07 05:26:24'),
(607, 5, 87, '33.985805', '-118.25411166666666', 20, 20, 'valid', '1528349185', '2018-06-07 05:26:25'),
(608, 5, 87, '33.985805', '-118.25411166666666', 20, 80, 'valid', '1528349189', '2018-06-07 05:26:29'),
(609, 5, 87, '33.985805', '-118.25411166666666', 20, 20, 'valid', '1528349190', '2018-06-07 05:26:30'),
(610, 5, 87, '33.985805', '-118.25411166666666', 20, 0, 'valid', '1528349190', '2018-06-07 05:26:30'),
(611, 5, 87, '33.985805', '-118.25411166666666', 20, 80, 'valid', '1528349194', '2018-06-07 05:26:34'),
(612, 5, 87, '33.985805', '-118.25411166666666', 20, 20, 'valid', '1528349195', '2018-06-07 05:26:35'),
(613, 5, 87, '33.985805', '-118.25411166666666', 20, 20, 'valid', '1528349196', '2018-06-07 05:26:36'),
(614, 5, 87, '33.985805', '-118.25411166666666', 20, 60, 'valid', '1528349199', '2018-06-07 05:26:39'),
(615, 5, 87, '33.985805', '-118.25411166666666', 20, 20, 'valid', '1528349200', '2018-06-07 05:26:40'),
(616, 5, 87, '33.985805', '-118.25411166666666', 20, 0, 'valid', '1528349200', '2018-06-07 05:26:40'),
(617, 5, 87, '33.985805', '-118.25411166666666', 20, 80, 'valid', '1528349204', '2018-06-07 05:26:44'),
(618, 5, 87, '33.985805', '-118.25411166666666', 20, 0, 'valid', '1528349204', '2018-06-07 05:26:44'),
(619, 5, 87, '33.985805', '-118.25411166666666', 20, 40, 'valid', '1528349206', '2018-06-07 05:26:46'),
(620, 5, 87, '33.985805', '-118.25411166666666', 20, 60, 'valid', '1528349209', '2018-06-07 05:26:49'),
(621, 5, 87, '33.985805', '-118.25411166666666', 20, 20, 'valid', '1528349210', '2018-06-07 05:26:50'),
(622, 5, 87, '33.985805', '-118.25411166666666', 20, 0, 'valid', '1528349210', '2018-06-07 05:26:50'),
(623, 5, 87, '33.985805', '-118.25411166666666', 20, 80, 'valid', '1528349214', '2018-06-07 05:26:54'),
(624, 5, 87, '33.985805', '-118.25411166666666', 20, 20, 'valid', '1528349215', '2018-06-07 05:26:55'),
(625, 5, 87, '33.985805', '-118.25411166666666', 20, 20, 'valid', '1528349216', '2018-06-07 05:26:56'),
(626, 5, 87, '33.985805', '-118.25411166666666', 20, 60, 'valid', '1528349219', '2018-06-07 05:26:59'),
(627, 5, 87, '33.985805', '-118.25411166666666', 20, 20, 'valid', '1528349220', '2018-06-07 05:27:00'),
(628, 5, 87, '33.985805', '-118.25411166666666', 20, 0, 'valid', '1528349220', '2018-06-07 05:27:00'),
(629, 5, 87, '33.985805', '-118.25411166666666', 20, 80, 'valid', '1528349224', '2018-06-07 05:27:04'),
(630, 5, 87, '33.985805', '-118.25411166666666', 20, 20, 'valid', '1528349225', '2018-06-07 05:27:05'),
(631, 5, 87, '33.985805', '-118.25411166666666', 20, 0, 'valid', '1528349225', '2018-06-07 05:27:05'),
(632, 5, 87, '33.985805', '-118.25411166666666', 20, 80, 'valid', '1528349229', '2018-06-07 05:27:09'),
(633, 5, 87, '33.985805', '-118.25411166666666', 20, 20, 'valid', '1528349230', '2018-06-07 05:27:10'),
(634, 5, 87, '33.985805', '-118.25411166666666', 20, 0, 'valid', '1528349230', '2018-06-07 05:27:10'),
(635, 5, 87, '33.985805', '-118.25411166666666', 20, 80, 'valid', '1528349234', '2018-06-07 05:27:14'),
(636, 5, 87, '33.985805', '-118.25411166666666', 20, 20, 'valid', '1528349235', '2018-06-07 05:27:15'),
(637, 5, 87, '33.985805', '-118.25411166666666', 20, 0, 'valid', '1528349235', '2018-06-07 05:27:15'),
(638, 5, 87, '33.985805', '-118.25411166666666', 20, 80, 'valid', '1528349239', '2018-06-07 05:27:19'),
(639, 5, 87, '33.985805', '-118.25411166666666', 20, 20, 'valid', '1528349240', '2018-06-07 05:27:20'),
(640, 5, 87, '33.985805', '-118.25411166666666', 20, 0, 'valid', '1528349240', '2018-06-07 05:27:20'),
(641, 5, 87, '33.985805', '-118.25411166666666', 20, 80, 'valid', '1528349244', '2018-06-07 05:27:24'),
(642, 5, 87, '33.985805', '-118.25411166666666', 20, 20, 'valid', '1528349245', '2018-06-07 05:27:25'),
(643, 5, 87, '33.985805', '-118.25411166666666', 20, 0, 'valid', '1528349245', '2018-06-07 05:27:25'),
(644, 5, 87, '33.985805', '-118.25411166666666', 20, 80, 'valid', '1528349249', '2018-06-07 05:27:29'),
(645, 5, 87, '33.985805', '-118.25411166666666', 20, 20, 'valid', '1528349250', '2018-06-07 05:27:30'),
(646, 5, 87, '33.985805', '-118.25411166666666', 20, 0, 'valid', '1528349250', '2018-06-07 05:27:30'),
(647, 5, 87, '33.985805', '-118.25411166666666', 20, 80, 'valid', '1528349254', '2018-06-07 05:27:34'),
(648, 5, 87, '33.985805', '-118.25411166666666', 20, 20, 'valid', '1528349255', '2018-06-07 05:27:35'),
(649, 5, 87, '33.985805', '-118.25411166666666', 20, 0, 'valid', '1528349255', '2018-06-07 05:27:35'),
(650, 5, 87, '33.985805', '-118.25411166666666', 20, 80, 'valid', '1528349259', '2018-06-07 05:27:39'),
(651, 5, 87, '33.985805', '-118.25411166666666', 20, 20, 'valid', '1528349260', '2018-06-07 05:27:40'),
(652, 5, 87, '33.985805', '-118.25411166666666', 20, 0, 'valid', '1528349260', '2018-06-07 05:27:40'),
(653, 5, 87, '33.985805', '-118.25411166666666', 20, 80, 'valid', '1528349264', '2018-06-07 05:27:44'),
(654, 5, 87, '33.985805', '-118.25411166666666', 20, 20, 'valid', '1528349265', '2018-06-07 05:27:45'),
(655, 5, 87, '33.985805', '-118.25411166666666', 20, 0, 'valid', '1528349265', '2018-06-07 05:27:45'),
(656, 5, 87, '33.985805', '-118.25411166666666', 20, 80, 'valid', '1528349269', '2018-06-07 05:27:49'),
(657, 5, 87, '33.985805', '-118.25411166666666', 20, 20, 'valid', '1528349270', '2018-06-07 05:27:50'),
(658, 5, 87, '33.985805', '-118.25411166666666', 20, 20, 'valid', '1528349271', '2018-06-07 05:27:51'),
(659, 5, 87, '33.985805', '-118.25411166666666', 20, 60, 'valid', '1528349274', '2018-06-07 05:27:54'),
(660, 5, 87, '33.985805', '-118.25411166666666', 20, 20, 'valid', '1528349275', '2018-06-07 05:27:55'),
(661, 5, 87, '33.985805', '-118.25411166666666', 20, 0, 'valid', '1528349275', '2018-06-07 05:27:55'),
(662, 5, 87, '33.985805', '-118.25411166666666', 20, 80, 'valid', '1528349279', '2018-06-07 05:27:59'),
(663, 5, 87, '33.985805', '-118.25411166666666', 20, 20, 'valid', '1528349280', '2018-06-07 05:28:00'),
(664, 5, 87, '33.985805', '-118.25411166666666', 20, 0, 'valid', '1528349280', '2018-06-07 05:28:00'),
(665, 5, 87, '33.985805', '-118.25411166666666', 20, 80, 'valid', '1528349284', '2018-06-07 05:28:04'),
(666, 5, 87, '33.985805', '-118.25411166666666', 20, 20, 'valid', '1528349285', '2018-06-07 05:28:05'),
(667, 5, 87, '33.985805', '-118.25411166666666', 20, 0, 'valid', '1528349285', '2018-06-07 05:28:05'),
(668, 5, 87, '33.985805', '-118.25411166666666', 20, 80, 'valid', '1528349289', '2018-06-07 05:28:09'),
(669, 5, 87, '33.985805', '-118.25411166666666', 20, 20, 'valid', '1528349290', '2018-06-07 05:28:10'),
(670, 5, 87, '33.985805', '-118.25411166666666', 20, 0, 'valid', '1528349290', '2018-06-07 05:28:10'),
(671, 5, 87, '33.985805', '-118.25411166666666', 20, 80, 'valid', '1528349294', '2018-06-07 05:28:14'),
(672, 5, 87, '33.985805', '-118.25411166666666', 20, 20, 'valid', '1528349295', '2018-06-07 05:28:15'),
(673, 5, 87, '33.985805', '-118.25411166666666', 20, 0, 'valid', '1528349295', '2018-06-07 05:28:15'),
(674, 5, 87, '33.985805', '-118.25411166666666', 20, 80, 'valid', '1528349299', '2018-06-07 05:28:19'),
(675, 5, 87, '33.985805', '-118.25411166666666', 20, 20, 'valid', '1528349300', '2018-06-07 05:28:20'),
(676, 5, 87, '33.985805', '-118.25411166666666', 20, 0, 'valid', '1528349300', '2018-06-07 05:28:20'),
(677, 5, 87, '33.985805', '-118.25411166666666', 20, 80, 'valid', '1528349304', '2018-06-07 05:28:24'),
(678, 5, 87, '33.985805', '-118.25411166666666', 20, 20, 'valid', '1528349305', '2018-06-07 05:28:25'),
(679, 5, 87, '33.985805', '-118.25411166666666', 20, 0, 'valid', '1528349305', '2018-06-07 05:28:25'),
(680, 5, 87, '33.985805', '-118.25411166666666', 20, 80, 'valid', '1528349309', '2018-06-07 05:28:29'),
(681, 5, 87, '33.985805', '-118.25411166666666', 20, 20, 'valid', '1528349310', '2018-06-07 05:28:30'),
(682, 5, 87, '33.985805', '-118.25411166666666', 20, 20, 'valid', '1528349311', '2018-06-07 05:28:31'),
(683, 5, 87, '33.985805', '-118.25411166666666', 20, 60, 'valid', '1528349314', '2018-06-07 05:28:34'),
(684, 5, 87, '33.985805', '-118.25411166666666', 20, 20, 'valid', '1528349315', '2018-06-07 05:28:35'),
(685, 5, 87, '33.985805', '-118.25411166666666', 20, 0, 'valid', '1528349315', '2018-06-07 05:28:35'),
(686, 5, 87, '33.985805', '-118.25411166666666', 20, 80, 'valid', '1528349319', '2018-06-07 05:28:39'),
(687, 5, 87, '33.985805', '-118.25411166666666', 20, 20, 'valid', '1528349320', '2018-06-07 05:28:40'),
(688, 5, 87, '33.985805', '-118.25411166666666', 20, 20, 'valid', '1528349321', '2018-06-07 05:28:41'),
(689, 5, 87, '33.985805', '-118.25411166666666', 20, 60, 'valid', '1528349324', '2018-06-07 05:28:44'),
(690, 5, 87, '33.985805', '-118.25411166666666', 20, 20, 'valid', '1528349325', '2018-06-07 05:28:45'),
(691, 5, 87, '33.985805', '-118.25411166666666', 20, 20, 'valid', '1528349326', '2018-06-07 05:28:46'),
(692, 5, 87, '33.985805', '-118.25411166666666', 20, 60, 'valid', '1528349329', '2018-06-07 05:28:49'),
(693, 5, 87, '33.985805', '-118.25411166666666', 20, 20, 'valid', '1528349330', '2018-06-07 05:28:50'),
(694, 5, 87, '33.985805', '-118.25411166666666', 20, 0, 'valid', '1528349330', '2018-06-07 05:28:50'),
(695, 5, 87, '33.985805', '-118.25411166666666', 20, 80, 'valid', '1528349334', '2018-06-07 05:28:54'),
(696, 5, 87, '33.985805', '-118.25411166666666', 20, 20, 'valid', '1528349335', '2018-06-07 05:28:55'),
(697, 5, 87, '33.985805', '-118.25411166666666', 20, 20, 'valid', '1528349336', '2018-06-07 05:28:56'),
(698, 5, 87, '33.985805', '-118.25411166666666', 20, 60, 'valid', '1528349339', '2018-06-07 05:28:59'),
(699, 5, 87, '33.985805', '-118.25411166666666', 20, 20, 'valid', '1528349340', '2018-06-07 05:29:00'),
(700, 5, 87, '33.985805', '-118.25411166666666', 20, 20, 'valid', '1528349341', '2018-06-07 05:29:01'),
(701, 5, 87, '33.985805', '-118.25411166666666', 20, 60, 'valid', '1528349344', '2018-06-07 05:29:04'),
(702, 5, 87, '33.985805', '-118.25411166666666', 20, 20, 'valid', '1528349345', '2018-06-07 05:29:05'),
(703, 5, 87, '33.985805', '-118.25411166666666', 20, 20, 'valid', '1528349346', '2018-06-07 05:29:06'),
(704, 5, 87, '33.985805', '-118.25411166666666', 20, 60, 'valid', '1528349349', '2018-06-07 05:29:09'),
(705, 5, 87, '33.985805', '-118.25411166666666', 20, 20, 'valid', '1528349350', '2018-06-07 05:29:10'),
(706, 5, 87, '33.985805', '-118.25411166666666', 20, 0, 'valid', '1528349350', '2018-06-07 05:29:10'),
(707, 5, 87, '33.985805', '-118.25411166666666', 20, 80, 'valid', '1528349354', '2018-06-07 05:29:14'),
(708, 5, 87, '33.985805', '-118.25411166666666', 20, 20, 'valid', '1528349355', '2018-06-07 05:29:15'),
(709, 5, 87, '33.985805', '-118.25411166666666', 20, 0, 'valid', '1528349355', '2018-06-07 05:29:15'),
(710, 5, 87, '33.985805', '-118.25411166666666', 20, 80, 'valid', '1528349359', '2018-06-07 05:29:19'),
(711, 5, 87, '33.985805', '-118.25411166666666', 20, 20, 'valid', '1528349360', '2018-06-07 05:29:20'),
(712, 5, 87, '33.985805', '-118.25411166666666', 20, 0, 'valid', '1528349360', '2018-06-07 05:29:20'),
(713, 5, 87, '33.985805', '-118.25411166666666', 20, 80, 'valid', '1528349364', '2018-06-07 05:29:24'),
(714, 5, 87, '33.985805', '-118.25411166666666', 20, 20, 'valid', '1528349365', '2018-06-07 05:29:25'),
(715, 5, 87, '33.985805', '-118.25411166666666', 20, 0, 'valid', '1528349365', '2018-06-07 05:29:25'),
(716, 5, 87, '33.985805', '-118.25411166666666', 20, 80, 'valid', '1528349369', '2018-06-07 05:29:29'),
(717, 5, 87, '33.985805', '-118.25411166666666', 20, 20, 'valid', '1528349370', '2018-06-07 05:29:30'),
(718, 5, 87, '33.985805', '-118.25411166666666', 20, 20, 'valid', '1528349371', '2018-06-07 05:29:31'),
(719, 5, 87, '33.985805', '-118.25411166666666', 20, 60, 'valid', '1528349374', '2018-06-07 05:29:34'),
(720, 5, 87, '33.985805', '-118.25411166666666', 20, 20, 'valid', '1528349375', '2018-06-07 05:29:35'),
(721, 5, 87, '33.985805', '-118.25411166666666', 20, 20, 'valid', '1528349376', '2018-06-07 05:29:36'),
(722, 5, 87, '33.985805', '-118.25411166666666', 20, 60, 'valid', '1528349379', '2018-06-07 05:29:39'),
(723, 5, 87, '33.985805', '-118.25411166666666', 20, 20, 'valid', '1528349380', '2018-06-07 05:29:40'),
(724, 5, 87, '33.985805', '-118.25411166666666', 20, 0, 'valid', '1528349380', '2018-06-07 05:29:40'),
(725, 5, 87, '33.985805', '-118.25411166666666', 20, 80, 'valid', '1528349384', '2018-06-07 05:29:44'),
(726, 5, 87, '33.985805', '-118.25411166666666', 20, 20, 'valid', '1528349385', '2018-06-07 05:29:45'),
(727, 5, 87, '33.985805', '-118.25411166666666', 20, 20, 'valid', '1528349386', '2018-06-07 05:29:46'),
(728, 5, 87, '33.985805', '-118.25411166666666', 20, 60, 'valid', '1528349389', '2018-06-07 05:29:49'),
(729, 5, 87, '33.985805', '-118.25411166666666', 20, 20, 'valid', '1528349390', '2018-06-07 05:29:50'),
(730, 5, 87, '33.985805', '-118.25411166666666', 20, 20, 'valid', '1528349391', '2018-06-07 05:29:51'),
(731, 5, 87, '33.985805', '-118.25411166666666', 20, 60, 'valid', '1528349394', '2018-06-07 05:29:54'),
(732, 5, 87, '33.985805', '-118.25411166666666', 20, 20, 'valid', '1528349395', '2018-06-07 05:29:55'),
(733, 5, 87, '33.985805', '-118.25411166666666', 20, 0, 'valid', '1528349395', '2018-06-07 05:29:55'),
(734, 5, 87, '33.985805', '-118.25411166666666', 20, 80, 'valid', '1528349399', '2018-06-07 05:29:59'),
(735, 5, 87, '33.985805', '-118.25411166666666', 20, 20, 'valid', '1528349400', '2018-06-07 05:30:00'),
(736, 5, 87, '33.985805', '-118.25411166666666', 20, 20, 'valid', '1528349401', '2018-06-07 05:30:01'),
(737, 5, 87, '33.985805', '-118.25411166666666', 20, 60, 'valid', '1528349404', '2018-06-07 05:30:04'),
(738, 5, 87, '33.985805', '-118.25411166666666', 20, 20, 'valid', '1528349405', '2018-06-07 05:30:05'),
(739, 5, 87, '33.985805', '-118.25411166666666', 20, 0, 'valid', '1528349405', '2018-06-07 05:30:05'),
(740, 5, 87, '33.985805', '-118.25411166666666', 20, 80, 'valid', '1528349409', '2018-06-07 05:30:09'),
(741, 5, 87, '33.985805', '-118.25411166666666', 20, 20, 'valid', '1528349410', '2018-06-07 05:30:10'),
(742, 5, 87, '33.985805', '-118.25411166666666', 20, 0, 'valid', '1528349410', '2018-06-07 05:30:10'),
(743, 5, 87, '33.985805', '-118.25411166666666', 20, 80, 'valid', '1528349414', '2018-06-07 05:30:14'),
(744, 5, 87, '33.985805', '-118.25411166666666', 20, 20, 'valid', '1528349415', '2018-06-07 05:30:15'),
(745, 5, 87, '33.985805', '-118.25411166666666', 20, 20, 'valid', '1528349416', '2018-06-07 05:30:16'),
(746, 5, 87, '33.985805', '-118.25411166666666', 20, 60, 'valid', '1528349419', '2018-06-07 05:30:19'),
(747, 5, 87, '33.985805', '-118.25411166666666', 20, 20, 'valid', '1528349420', '2018-06-07 05:30:20'),
(748, 5, 87, '33.985805', '-118.25411166666666', 20, 0, 'valid', '1528349420', '2018-06-07 05:30:20'),
(749, 5, 87, '33.985805', '-118.25411166666666', 20, 80, 'valid', '1528349424', '2018-06-07 05:30:24'),
(750, 5, 87, '33.985805', '-118.25411166666666', 20, 20, 'valid', '1528349425', '2018-06-07 05:30:25'),
(751, 5, 87, '33.985805', '-118.25411166666666', 20, 0, 'valid', '1528349425', '2018-06-07 05:30:25'),
(752, 5, 87, '33.985805', '-118.25411166666666', 20, 80, 'valid', '1528349429', '2018-06-07 05:30:29'),
(753, 5, 87, '33.985805', '-118.25411166666666', 20, 20, 'valid', '1528349430', '2018-06-07 05:30:30'),
(754, 5, 87, '33.985805', '-118.25411166666666', 20, 20, 'valid', '1528349431', '2018-06-07 05:30:31'),
(755, 5, 87, '33.985805', '-118.25411166666666', 20, 60, 'valid', '1528349434', '2018-06-07 05:30:34'),
(756, 5, 87, '33.985805', '-118.25411166666666', 20, 20, 'valid', '1528349435', '2018-06-07 05:30:35'),
(757, 5, 87, '33.985805', '-118.25411166666666', 20, 0, 'valid', '1528349435', '2018-06-07 05:30:35'),
(758, 5, 87, '33.985805', '-118.25411166666666', 20, 80, 'valid', '1528349439', '2018-06-07 05:30:39'),
(759, 5, 87, '33.985805', '-118.25411166666666', 20, 20, 'valid', '1528349440', '2018-06-07 05:30:40'),
(760, 5, 87, '33.985805', '-118.25411166666666', 20, 0, 'valid', '1528349440', '2018-06-07 05:30:40'),
(761, 5, 87, '33.985805', '-118.25411166666666', 20, 100, 'valid', '1528349445', '2018-06-07 05:30:45'),
(762, 5, 87, '33.985805', '-118.25411166666666', 20, 0, 'valid', '1528349445', '2018-06-07 05:30:45'),
(763, 5, 87, '33.985805', '-118.25411166666666', 20, 20, 'valid', '1528349446', '2018-06-07 05:30:46'),
(764, 5, 87, '33.985805', '-118.25411166666666', 20, 60, 'valid', '1528349449', '2018-06-07 05:30:49'),
(765, 5, 87, '33.985805', '-118.25411166666666', 20, 20, 'valid', '1528349450', '2018-06-07 05:30:50'),
(766, 5, 87, '33.985805', '-118.25411166666666', 20, 0, 'valid', '1528349450', '2018-06-07 05:30:50'),
(767, 5, 87, '33.985805', '-118.25411166666666', 20, 80, 'valid', '1528349454', '2018-06-07 05:30:54'),
(768, 5, 87, '33.985805', '-118.25411166666666', 20, 20, 'valid', '1528349455', '2018-06-07 05:30:55'),
(769, 5, 87, '33.985805', '-118.25411166666666', 20, 0, 'valid', '1528349455', '2018-06-07 05:30:55'),
(770, 5, 87, '33.985805', '-118.25411166666666', 20, 80, 'valid', '1528349459', '2018-06-07 05:30:59'),
(771, 5, 87, '33.985805', '-118.25411166666666', 20, 20, 'valid', '1528349460', '2018-06-07 05:31:00'),
(772, 5, 87, '33.985805', '-118.25411166666666', 20, 0, 'valid', '1528349460', '2018-06-07 05:31:00'),
(773, 5, 87, '33.985805', '-118.25411166666666', 20, 80, 'valid', '1528349464', '2018-06-07 05:31:04'),
(774, 5, 87, '33.985805', '-118.25411166666666', 20, 20, 'valid', '1528349465', '2018-06-07 05:31:05'),
(775, 5, 87, '33.985805', '-118.25411166666666', 20, 0, 'valid', '1528349465', '2018-06-07 05:31:05'),
(776, 5, 87, '33.985805', '-118.25411166666666', 20, 80, 'valid', '1528349469', '2018-06-07 05:31:09'),
(777, 5, 87, '33.985805', '-118.25411166666666', 20, 20, 'valid', '1528349470', '2018-06-07 05:31:10'),
(778, 5, 87, '33.985805', '-118.25411166666666', 20, 40, 'valid', '1528349472', '2018-06-07 05:31:12'),
(779, 5, 87, '33.985805', '-118.25411166666666', 20, 40, 'valid', '1528349474', '2018-06-07 05:31:14'),
(780, 5, 87, '33.985805', '-118.25411166666666', 20, 20, 'valid', '1528349475', '2018-06-07 05:31:15'),
(781, 5, 87, '33.985805', '-118.25411166666666', 20, 0, 'valid', '1528349475', '2018-06-07 05:31:15'),
(782, 5, 87, '33.985805', '-118.25411166666666', 20, 80, 'valid', '1528349479', '2018-06-07 05:31:19'),
(783, 5, 87, '33.985805', '-118.25411166666666', 20, 20, 'valid', '1528349480', '2018-06-07 05:31:20'),
(784, 5, 87, '33.985805', '-118.25411166666666', 20, 20, 'valid', '1528349481', '2018-06-07 05:31:21'),
(785, 5, 87, '33.985805', '-118.25411166666666', 20, 60, 'valid', '1528349484', '2018-06-07 05:31:24'),
(786, 5, 87, '33.985805', '-118.25411166666666', 20, 20, 'valid', '1528349485', '2018-06-07 05:31:25'),
(787, 5, 87, '33.985805', '-118.25411166666666', 20, 0, 'valid', '1528349485', '2018-06-07 05:31:25'),
(788, 5, 87, '33.985805', '-118.25411166666666', 20, 80, 'valid', '1528349489', '2018-06-07 05:31:29'),
(789, 5, 87, '33.985805', '-118.25411166666666', 20, 20, 'valid', '1528349490', '2018-06-07 05:31:30'),
(790, 5, 87, '33.985805', '-118.25411166666666', 20, 20, 'valid', '1528349491', '2018-06-07 05:31:31'),
(791, 5, 87, '33.985805', '-118.25411166666666', 20, 60, 'valid', '1528349494', '2018-06-07 05:31:34'),
(792, 5, 87, '33.985805', '-118.25411166666666', 20, 20, 'valid', '1528349495', '2018-06-07 05:31:35'),
(793, 5, 87, '33.985805', '-118.25411166666666', 20, 20, 'valid', '1528349496', '2018-06-07 05:31:36'),
(794, 5, 87, '33.985805', '-118.25411166666666', 20, 60, 'valid', '1528349499', '2018-06-07 05:31:39'),
(795, 5, 87, '33.985805', '-118.25411166666666', 20, 20, 'valid', '1528349500', '2018-06-07 05:31:40'),
(796, 5, 87, '33.985805', '-118.25411166666666', 20, 20, 'valid', '1528349501', '2018-06-07 05:31:41'),
(797, 5, 87, '33.985805', '-118.25411166666666', 20, 80, 'valid', '1528349505', '2018-06-07 05:31:45'),
(798, 5, 87, '33.985805', '-118.25411166666666', 20, 0, 'valid', '1528349505', '2018-06-07 05:31:45'),
(799, 5, 87, '33.985805', '-118.25411166666666', 20, 20, 'valid', '1528349506', '2018-06-07 05:31:46'),
(800, 5, 87, '33.985805', '-118.25411166666666', 20, 60, 'valid', '1528349509', '2018-06-07 05:31:49'),
(801, 5, 87, '33.985805', '-118.25411166666666', 20, 20, 'valid', '1528349510', '2018-06-07 05:31:50'),
(802, 5, 87, '33.985805', '-118.25411166666666', 20, 20, 'valid', '1528349511', '2018-06-07 05:31:51'),
(803, 5, 87, '33.985805', '-118.25411166666666', 20, 60, 'valid', '1528349514', '2018-06-07 05:31:54'),
(804, 5, 87, '33.985805', '-118.25411166666666', 20, 20, 'valid', '1528349515', '2018-06-07 05:31:55'),
(805, 5, 87, '33.985805', '-118.25411166666666', 20, 20, 'valid', '1528349516', '2018-06-07 05:31:56'),
(806, 5, 87, '33.985805', '-118.25411166666666', 20, 60, 'valid', '1528349519', '2018-06-07 05:31:59'),
(807, 5, 87, '33.985805', '-118.25411166666666', 20, 20, 'valid', '1528349520', '2018-06-07 05:32:00'),
(808, 5, 87, '33.985805', '-118.25411166666666', 20, 40, 'valid', '1528349522', '2018-06-07 05:32:02'),
(809, 5, 87, '33.985805', '-118.25411166666666', 20, 60, 'valid', '1528349525', '2018-06-07 05:32:05'),
(810, 5, 87, '33.985805', '-118.25411166666666', 20, 0, 'valid', '1528349525', '2018-06-07 05:32:05'),
(811, 5, 87, '33.985805', '-118.25411166666666', 20, 20, 'valid', '1528349526', '2018-06-07 05:32:06'),
(812, 5, 87, '33.985805', '-118.25411166666666', 20, 80, 'valid', '1528349530', '2018-06-07 05:32:10'),
(813, 5, 87, '33.985805', '-118.25411166666666', 20, 80, 'valid', '1528349530', '2018-06-07 05:32:10'),
(814, 5, 87, '33.985805', '-118.25411166666666', 20, 0, 'valid', '1528349530', '2018-06-07 05:32:10'),
(815, 5, 87, '33.985805', '-118.25411166666666', 20, 80, 'valid', '1528349534', '2018-06-07 05:32:14'),
(816, 5, 87, '33.985805', '-118.25411166666666', 20, 0, 'valid', '1528349534', '2018-06-07 05:32:14'),
(817, 5, 87, '33.985805', '-118.25411166666666', 20, 20, 'valid', '1528349535', '2018-06-07 05:32:15'),
(818, 5, 87, '33.985805', '-118.25411166666666', 20, 120, 'valid', '1528349541', '2018-06-07 05:32:21'),
(819, 5, 87, '33.985805', '-118.25411166666666', 20, 0, 'valid', '1528349541', '2018-06-07 05:32:21'),
(820, 5, 87, '33.985805', '-118.25411166666666', 20, 20, 'valid', '1528349542', '2018-06-07 05:32:22'),
(821, 5, 87, '33.985805', '-118.25411166666666', 20, 60, 'valid', '1528349545', '2018-06-07 05:32:25'),
(822, 5, 87, '33.985805', '-118.25411166666666', 20, 0, 'valid', '1528349545', '2018-06-07 05:32:25'),
(823, 5, 87, '33.985805', '-118.25411166666666', 20, 0, 'valid', '1528349545', '2018-06-07 05:32:25'),
(824, 5, 87, '33.985805', '-118.25411166666666', 20, 80, 'valid', '1528349549', '2018-06-07 05:32:29'),
(825, 5, 87, '33.985805', '-118.25411166666666', 20, 20, 'valid', '1528349550', '2018-06-07 05:32:30'),
(826, 5, 87, '33.985805', '-118.25411166666666', 20, 20, 'valid', '1528349551', '2018-06-07 05:32:31'),
(827, 5, 87, '33.985805', '-118.25411166666666', 20, 60, 'valid', '1528349554', '2018-06-07 05:32:34'),
(828, 5, 87, '33.985805', '-118.25411166666666', 20, 0, 'valid', '1528349554', '2018-06-07 05:32:34'),
(829, 5, 87, '33.985805', '-118.25411166666666', 20, 20, 'valid', '1528349555', '2018-06-07 05:32:35'),
(830, 5, 87, '33.985805', '-118.25411166666666', 20, 80, 'valid', '1528349559', '2018-06-07 05:32:40'),
(831, 5, 87, '33.985805', '-118.25411166666666', 20, 20, 'valid', '1528349560', '2018-06-07 05:32:40'),
(832, 5, 87, '33.985805', '-118.25411166666666', 20, 20, 'valid', '1528349561', '2018-06-07 05:32:41'),
(833, 5, 87, '33.985805', '-118.25411166666666', 20, 60, 'valid', '1528349564', '2018-06-07 05:32:44'),
(834, 5, 87, '33.985805', '-118.25411166666666', 20, 20, 'valid', '1528349565', '2018-06-07 05:32:45'),
(835, 5, 87, '33.985805', '-118.25411166666666', 20, 0, 'valid', '1528349565', '2018-06-07 05:32:45'),
(836, 5, 87, '33.985805', '-118.25411166666666', 20, 80, 'valid', '1528349569', '2018-06-07 05:32:49'),
(837, 5, 87, '33.985805', '-118.25411166666666', 20, 20, 'valid', '1528349570', '2018-06-07 05:32:50'),
(838, 5, 87, '33.985805', '-118.25411166666666', 20, 20, 'valid', '1528349571', '2018-06-07 05:32:51'),
(839, 5, 87, '33.985805', '-118.25411166666666', 20, 60, 'valid', '1528349574', '2018-06-07 05:32:54'),
(840, 5, 87, '33.985805', '-118.25411166666666', 20, 20, 'valid', '1528349575', '2018-06-07 05:32:55'),
(841, 5, 87, '33.985805', '-118.25411166666666', 20, 0, 'valid', '1528349575', '2018-06-07 05:32:55'),
(842, 5, 87, '33.985805', '-118.25411166666666', 20, 80, 'valid', '1528349579', '2018-06-07 05:32:59'),
(843, 5, 87, '33.985805', '-118.25411166666666', 20, 20, 'valid', '1528349580', '2018-06-07 05:33:00'),
(844, 5, 87, '33.985805', '-118.25411166666666', 20, 0, 'valid', '1528349580', '2018-06-07 05:33:00'),
(845, 5, 87, '33.985805', '-118.25411166666666', 20, 80, 'valid', '1528349584', '2018-06-07 05:33:04'),
(846, 5, 87, '33.985805', '-118.25411166666666', 20, 20, 'valid', '1528349585', '2018-06-07 05:33:05'),
(847, 5, 87, '33.985805', '-118.25411166666666', 20, 20, 'valid', '1528349586', '2018-06-07 05:33:06'),
(848, 5, 87, '33.985805', '-118.25411166666666', 20, 60, 'valid', '1528349589', '2018-06-07 05:33:09'),
(849, 5, 87, '33.985805', '-118.25411166666666', 20, 20, 'valid', '1528349590', '2018-06-07 05:33:10'),
(850, 5, 87, '33.985805', '-118.25411166666666', 20, 0, 'valid', '1528349590', '2018-06-07 05:33:10'),
(851, 5, 87, '33.985805', '-118.25411166666666', 20, 80, 'valid', '1528349594', '2018-06-07 05:33:14'),
(852, 5, 87, '33.985805', '-118.25411166666666', 20, 20, 'valid', '1528349595', '2018-06-07 05:33:15'),
(853, 5, 87, '33.985805', '-118.25411166666666', 20, 20, 'valid', '1528349596', '2018-06-07 05:33:16'),
(854, 5, 87, '33.985805', '-118.25411166666666', 20, 60, 'valid', '1528349599', '2018-06-07 05:33:19'),
(855, 5, 87, '33.985805', '-118.25411166666666', 20, 20, 'valid', '1528349600', '2018-06-07 05:33:20'),
(856, 5, 87, '33.985805', '-118.25411166666666', 20, 0, 'valid', '1528349600', '2018-06-07 05:33:20'),
(857, 5, 87, '33.985805', '-118.25411166666666', 20, 80, 'valid', '1528349604', '2018-06-07 05:33:24'),
(858, 5, 87, '33.985805', '-118.25411166666666', 20, 20, 'valid', '1528349605', '2018-06-07 05:33:25'),
(859, 5, 87, '33.985805', '-118.25411166666666', 20, 20, 'valid', '1528349606', '2018-06-07 05:33:26'),
(860, 5, 87, '33.985805', '-118.25411166666666', 20, 60, 'valid', '1528349609', '2018-06-07 05:33:29'),
(861, 5, 87, '33.985805', '-118.25411166666666', 20, 20, 'valid', '1528349610', '2018-06-07 05:33:30'),
(862, 5, 87, '33.985805', '-118.25411166666666', 20, 0, 'valid', '1528349610', '2018-06-07 05:33:30'),
(863, 5, 87, '33.985805', '-118.25411166666666', 20, 80, 'valid', '1528349614', '2018-06-07 05:33:34'),
(864, 5, 87, '33.985805', '-118.25411166666666', 20, 20, 'valid', '1528349615', '2018-06-07 05:33:35'),
(865, 5, 87, '33.985805', '-118.25411166666666', 20, 20, 'valid', '1528349616', '2018-06-07 05:33:36'),
(866, 5, 87, '33.985805', '-118.25411166666666', 20, 60, 'valid', '1528349619', '2018-06-07 05:33:39'),
(867, 5, 87, '33.985805', '-118.25411166666666', 20, 20, 'valid', '1528349620', '2018-06-07 05:33:40'),
(868, 5, 87, '33.985805', '-118.25411166666666', 20, 20, 'valid', '1528349621', '2018-06-07 05:33:41'),
(869, 5, 87, '33.985805', '-118.25411166666666', 20, 80, 'valid', '1528349625', '2018-06-07 05:33:45'),
(870, 5, 87, '33.985805', '-118.25411166666666', 20, 0, 'valid', '1528349625', '2018-06-07 05:33:45'),
(871, 5, 87, '33.985805', '-118.25411166666666', 20, 0, 'valid', '1528349625', '2018-06-07 05:33:45'),
(872, 5, 87, '33.985805', '-118.25411166666666', 20, 80, 'valid', '1528349629', '2018-06-07 05:33:49'),
(873, 5, 87, '33.985805', '-118.25411166666666', 20, 20, 'valid', '1528349630', '2018-06-07 05:33:50'),
(874, 5, 87, '33.985805', '-118.25411166666666', 20, 20, 'valid', '1528349631', '2018-06-07 05:33:51'),
(875, 5, 87, '33.985805', '-118.25411166666666', 20, 60, 'valid', '1528349634', '2018-06-07 05:33:54'),
(876, 5, 87, '33.985805', '-118.25411166666666', 20, 20, 'valid', '1528349635', '2018-06-07 05:33:55'),
(877, 5, 87, '33.985805', '-118.25411166666666', 20, 40, 'valid', '1528349637', '2018-06-07 05:33:57'),
(878, 5, 87, '33.985805', '-118.25411166666666', 20, 40, 'valid', '1528349639', '2018-06-07 05:33:59'),
(879, 5, 87, '33.985805', '-118.25411166666666', 20, 20, 'valid', '1528349640', '2018-06-07 05:34:00'),
(880, 5, 87, '33.985805', '-118.25411166666666', 20, 0, 'valid', '1528349640', '2018-06-07 05:34:00'),
(881, 5, 87, '33.985805', '-118.25411166666666', 20, 80, 'valid', '1528349644', '2018-06-07 05:34:04'),
(882, 5, 87, '33.985805', '-118.25411166666666', 20, 0, 'valid', '1528349644', '2018-06-07 05:34:04'),
(883, 5, 87, '33.985805', '-118.25411166666666', 20, 40, 'valid', '1528349646', '2018-06-07 05:34:06'),
(884, 5, 87, '33.985805', '-118.25411166666666', 20, 60, 'valid', '1528349649', '2018-06-07 05:34:09'),
(885, 5, 87, '33.985805', '-118.25411166666666', 20, 20, 'valid', '1528349650', '2018-06-07 05:34:10'),
(886, 5, 87, '33.985805', '-118.25411166666666', 20, 0, 'valid', '1528349650', '2018-06-07 05:34:10'),
(887, 5, 87, '33.985805', '-118.25411166666666', 20, 80, 'valid', '1528349654', '2018-06-07 05:34:14'),
(888, 5, 87, '33.985805', '-118.25411166666666', 20, 20, 'valid', '1528349655', '2018-06-07 05:34:15'),
(889, 5, 87, '33.985805', '-118.25411166666666', 20, 40, 'valid', '1528349657', '2018-06-07 05:34:17'),
(890, 5, 87, '33.985805', '-118.25411166666666', 20, 40, 'valid', '1528349659', '2018-06-07 05:34:19'),
(891, 5, 87, '33.985805', '-118.25411166666666', 20, 20, 'valid', '1528349660', '2018-06-07 05:34:20'),
(892, 5, 87, '33.985805', '-118.25411166666666', 20, 0, 'valid', '1528349660', '2018-06-07 05:34:20'),
(893, 5, 87, '33.985805', '-118.25411166666666', 20, 100, 'valid', '1528349665', '2018-06-07 05:34:25'),
(894, 5, 87, '33.985805', '-118.25411166666666', 20, 0, 'valid', '1528349665', '2018-06-07 05:34:25'),
(895, 5, 87, '33.985805', '-118.25411166666666', 20, 20, 'valid', '1528349666', '2018-06-07 05:34:26'),
(896, 5, 87, '33.985805', '-118.25411166666666', 20, 60, 'valid', '1528349669', '2018-06-07 05:34:29'),
(897, 5, 87, '33.985805', '-118.25411166666666', 20, 20, 'valid', '1528349670', '2018-06-07 05:34:30'),
(898, 5, 87, '33.985805', '-118.25411166666666', 20, 20, 'valid', '1528349671', '2018-06-07 05:34:31'),
(899, 5, 87, '33.985805', '-118.25411166666666', 20, 60, 'valid', '1528349674', '2018-06-07 05:34:34'),
(900, 5, 87, '33.985805', '-118.25411166666666', 20, 20, 'valid', '1528349675', '2018-06-07 05:34:35'),
(901, 5, 87, '33.985805', '-118.25411166666666', 20, 20, 'valid', '1528349676', '2018-06-07 05:34:36'),
(902, 5, 87, '33.985805', '-118.25411166666666', 20, 60, 'valid', '1528349679', '2018-06-07 05:34:39'),
(903, 5, 87, '33.985805', '-118.25411166666666', 20, 20, 'valid', '1528349680', '2018-06-07 05:34:40'),
(904, 5, 87, '33.985805', '-118.25411166666666', 20, 20, 'valid', '1528349681', '2018-06-07 05:34:41'),
(905, 5, 87, '33.985805', '-118.25411166666666', 20, 60, 'valid', '1528349684', '2018-06-07 05:34:44'),
(906, 5, 87, '33.985805', '-118.25411166666666', 20, 20, 'valid', '1528349685', '2018-06-07 05:34:45'),
(907, 5, 87, '33.985805', '-118.25411166666666', 20, 20, 'valid', '1528349686', '2018-06-07 05:34:46'),
(908, 5, 87, '33.985805', '-118.25411166666666', 20, 60, 'valid', '1528349689', '2018-06-07 05:34:49'),
(909, 5, 87, '33.985805', '-118.25411166666666', 20, 20, 'valid', '1528349690', '2018-06-07 05:34:50'),
(910, 5, 87, '33.985805', '-118.25411166666666', 20, 0, 'valid', '1528349690', '2018-06-07 05:34:50'),
(911, 5, 87, '33.985805', '-118.25411166666666', 20, 80, 'valid', '1528349694', '2018-06-07 05:34:54'),
(912, 5, 87, '33.985805', '-118.25411166666666', 20, 20, 'valid', '1528349695', '2018-06-07 05:34:55'),
(913, 5, 87, '33.985805', '-118.25411166666666', 20, 40, 'valid', '1528349697', '2018-06-07 05:34:57'),
(914, 5, 87, '33.985805', '-118.25411166666666', 20, 40, 'valid', '1528349699', '2018-06-07 05:34:59'),
(915, 5, 87, '33.985805', '-118.25411166666666', 20, 20, 'valid', '1528349700', '2018-06-07 05:35:00'),
(916, 5, 87, '33.985805', '-118.25411166666666', 20, 0, 'valid', '1528349700', '2018-06-07 05:35:00'),
(917, 5, 87, '33.985805', '-118.25411166666666', 20, 80, 'valid', '1528349704', '2018-06-07 05:35:04'),
(918, 5, 87, '33.985805', '-118.25411166666666', 20, 20, 'valid', '1528349705', '2018-06-07 05:35:05'),
(919, 5, 87, '33.985805', '-118.25411166666666', 20, 20, 'valid', '1528349706', '2018-06-07 05:35:06'),
(920, 5, 87, '33.985805', '-118.25411166666666', 20, 60, 'valid', '1528349709', '2018-06-07 05:35:09'),
(921, 5, 87, '33.985805', '-118.25411166666666', 20, 20, 'valid', '1528349710', '2018-06-07 05:35:10'),
(922, 5, 87, '33.985805', '-118.25411166666666', 20, 0, 'valid', '1528349710', '2018-06-07 05:35:10'),
(923, 5, 87, '33.985805', '-118.25411166666666', 20, 80, 'valid', '1528349714', '2018-06-07 05:35:14'),
(924, 5, 87, '33.985805', '-118.25411166666666', 20, 20, 'valid', '1528349715', '2018-06-07 05:35:15'),
(925, 5, 87, '33.985805', '-118.25411166666666', 20, 0, 'valid', '1528349715', '2018-06-07 05:35:15'),
(926, 5, 87, '33.985805', '-118.25411166666666', 20, 80, 'valid', '1528349719', '2018-06-07 05:35:19');
INSERT INTO `records` (`id`, `user_id`, `order_id`, `lat`, `lng`, `speed`, `distance`, `status`, `created_at`, `time`) VALUES
(927, 5, 87, '33.985805', '-118.25411166666666', 20, 20, 'valid', '1528349720', '2018-06-07 05:35:20'),
(928, 5, 87, '33.985805', '-118.25411166666666', 20, 0, 'valid', '1528349720', '2018-06-07 05:35:20'),
(929, 5, 87, '33.985805', '-118.25411166666666', 20, 80, 'valid', '1528349724', '2018-06-07 05:35:24'),
(930, 5, 87, '33.985805', '-118.25411166666666', 20, 20, 'valid', '1528349725', '2018-06-07 05:35:25'),
(931, 5, 87, '33.985805', '-118.25411166666666', 20, 20, 'valid', '1528349726', '2018-06-07 05:35:26'),
(932, 5, 87, '33.985805', '-118.25411166666666', 20, 60, 'valid', '1528349729', '2018-06-07 05:35:29'),
(933, 5, 87, '33.985805', '-118.25411166666666', 20, 20, 'valid', '1528349730', '2018-06-07 05:35:30'),
(934, 5, 87, '33.985805', '-118.25411166666666', 20, 0, 'valid', '1528349730', '2018-06-07 05:35:30'),
(935, 5, 87, '33.985805', '-118.25411166666666', 20, 80, 'valid', '1528349734', '2018-06-07 05:35:34'),
(936, 5, 87, '33.985805', '-118.25411166666666', 20, 20, 'valid', '1528349735', '2018-06-07 05:35:35'),
(937, 5, 87, '33.985805', '-118.25411166666666', 20, 0, 'valid', '1528349735', '2018-06-07 05:35:35'),
(938, 5, 87, '33.985805', '-118.25411166666666', 20, 80, 'valid', '1528349739', '2018-06-07 05:35:39'),
(939, 5, 87, '33.985805', '-118.25411166666666', 20, 20, 'valid', '1528349740', '2018-06-07 05:35:40'),
(940, 5, 87, '33.985805', '-118.25411166666666', 20, 0, 'valid', '1528349740', '2018-06-07 05:35:40'),
(941, 5, 87, '33.985805', '-118.25411166666666', 20, 80, 'valid', '1528349744', '2018-06-07 05:35:44'),
(942, 5, 87, '33.985805', '-118.25411166666666', 20, 20, 'valid', '1528349745', '2018-06-07 05:35:45'),
(943, 5, 87, '33.985805', '-118.25411166666666', 20, 20, 'valid', '1528349746', '2018-06-07 05:35:46'),
(944, 5, 87, '33.985805', '-118.25411166666666', 20, 60, 'valid', '1528349749', '2018-06-07 05:35:49'),
(945, 5, 87, '33.985805', '-118.25411166666666', 20, 20, 'valid', '1528349750', '2018-06-07 05:35:50'),
(946, 5, 87, '33.985805', '-118.25411166666666', 20, 0, 'valid', '1528349750', '2018-06-07 05:35:50'),
(947, 5, 87, '33.985805', '-118.25411166666666', 20, 80, 'valid', '1528349754', '2018-06-07 05:35:54'),
(948, 5, 87, '33.985805', '-118.25411166666666', 20, 20, 'valid', '1528349755', '2018-06-07 05:35:55'),
(949, 5, 87, '33.985805', '-118.25411166666666', 20, 20, 'valid', '1528349756', '2018-06-07 05:35:56'),
(950, 5, 87, '33.985805', '-118.25411166666666', 20, 80, 'valid', '1528349760', '2018-06-07 05:36:00'),
(951, 5, 87, '33.985805', '-118.25411166666666', 20, 0, 'valid', '1528349760', '2018-06-07 05:36:00'),
(952, 5, 87, '33.985805', '-118.25411166666666', 20, 20, 'valid', '1528349761', '2018-06-07 05:36:01'),
(953, 5, 87, '33.985805', '-118.25411166666666', 20, 60, 'valid', '1528349764', '2018-06-07 05:36:04'),
(954, 5, 87, '33.985805', '-118.25411166666666', 20, 20, 'valid', '1528349765', '2018-06-07 05:36:05'),
(955, 5, 87, '33.985805', '-118.25411166666666', 20, 0, 'valid', '1528349765', '2018-06-07 05:36:05'),
(956, 5, 87, '33.985805', '-118.25411166666666', 20, 80, 'valid', '1528349769', '2018-06-07 05:36:09'),
(957, 5, 87, '33.985805', '-118.25411166666666', 20, 20, 'valid', '1528349770', '2018-06-07 05:36:10'),
(958, 5, 87, '33.985805', '-118.25411166666666', 20, 40, 'valid', '1528349772', '2018-06-07 05:36:12'),
(959, 5, 87, '33.985805', '-118.25411166666666', 20, 40, 'valid', '1528349774', '2018-06-07 05:36:14'),
(960, 5, 87, '33.985805', '-118.25411166666666', 20, 20, 'valid', '1528349775', '2018-06-07 05:36:15'),
(961, 5, 87, '33.985805', '-118.25411166666666', 20, 0, 'valid', '1528349775', '2018-06-07 05:36:15'),
(962, 5, 87, '33.985805', '-118.25411166666666', 20, 80, 'valid', '1528349779', '2018-06-07 05:36:19'),
(963, 5, 87, '33.985805', '-118.25411166666666', 20, 20, 'valid', '1528349780', '2018-06-07 05:36:20'),
(964, 5, 87, '33.985805', '-118.25411166666666', 20, 0, 'valid', '1528349780', '2018-06-07 05:36:20'),
(965, 5, 87, '33.985805', '-118.25411166666666', 20, 80, 'valid', '1528349784', '2018-06-07 05:36:24'),
(966, 5, 87, '33.985805', '-118.25411166666666', 20, 20, 'valid', '1528349785', '2018-06-07 05:36:25'),
(967, 5, 87, '33.985805', '-118.25411166666666', 20, 0, 'valid', '1528349785', '2018-06-07 05:36:25'),
(968, 5, 87, '33.985805', '-118.25411166666666', 20, 80, 'valid', '1528349789', '2018-06-07 05:36:29'),
(969, 5, 87, '33.985805', '-118.25411166666666', 20, 20, 'valid', '1528349790', '2018-06-07 05:36:30'),
(970, 5, 87, '33.985805', '-118.25411166666666', 20, 0, 'valid', '1528349790', '2018-06-07 05:36:30'),
(971, 5, 87, '33.985805', '-118.25411166666666', 20, 80, 'valid', '1528349794', '2018-06-07 05:36:34'),
(972, 5, 87, '33.985805', '-118.25411166666666', 20, 20, 'valid', '1528349795', '2018-06-07 05:36:35'),
(973, 5, 87, '33.985805', '-118.25411166666666', 20, 0, 'valid', '1528349795', '2018-06-07 05:36:35'),
(974, 5, 87, '33.985805', '-118.25411166666666', 20, 100, 'valid', '1528349800', '2018-06-07 05:36:40'),
(975, 5, 87, '33.985805', '-118.25411166666666', 20, 0, 'valid', '1528349800', '2018-06-07 05:36:40'),
(976, 5, 87, '33.985805', '-118.25411166666666', 20, 0, 'valid', '1528349800', '2018-06-07 05:36:40'),
(977, 5, 86, '41.767465', '123.486964', 0, 0, 'valid', '1528355712', '2018-06-07 07:15:12'),
(978, 5, 87, '41.767465', '123.486964', 0, 0, 'valid', '1528355712', '2018-06-07 07:15:12'),
(979, 5, 86, '41.767465', '123.486964', 0, 0, 'valid', '1528355773', '2018-06-07 07:16:13'),
(980, 5, 87, '41.767465', '123.486964', 0, 0, 'valid', '1528355773', '2018-06-07 07:16:13'),
(981, 5, 88, '41.767465', '123.486964', 0, 0, 'valid', '1528355773', '2018-06-07 07:16:13'),
(982, 5, 86, '41.767114', '123.486785', 0, 0, 'valid', '1528355834', '2018-06-07 07:17:14'),
(983, 5, 87, '41.767114', '123.486785', 0, 0, 'valid', '1528355834', '2018-06-07 07:17:14'),
(984, 5, 88, '41.767114', '123.486785', 0, 0, 'valid', '1528355834', '2018-06-07 07:17:14'),
(985, 5, 86, '41.767114', '123.486785', 0, 0, 'valid', '1528355893', '2018-06-07 07:18:13'),
(986, 5, 87, '41.767114', '123.486785', 0, 0, 'valid', '1528355893', '2018-06-07 07:18:13'),
(987, 5, 88, '41.767114', '123.486785', 0, 0, 'valid', '1528355893', '2018-06-07 07:18:13'),
(988, 5, 87, '41.767114', '123.486785', 0, 0, 'valid', '1528355952', '2018-06-07 07:19:12'),
(989, 5, 87, '41.767114', '123.486785', 0, 0, 'valid', '1528356012', '2018-06-07 07:20:12'),
(990, 5, 87, '41.767114', '123.486785', 0, 0, 'valid', '1528356073', '2018-06-07 07:21:13'),
(991, 5, 87, '41.767169', '123.48679', 0, 0, 'valid', '1528356133', '2018-06-07 07:22:13'),
(992, 5, 87, '41.767169', '123.48679', 0, 0, 'valid', '1528356193', '2018-06-07 07:23:13'),
(993, 5, 87, '22.3203648', '114.169773', 50, 0, 'valid', '1528420644', '2018-06-08 01:17:24'),
(994, 24, 86, '51.5276519', '-0.0833582', 0, 0, 'valid', '1528436079', '2018-06-08 05:34:39'),
(995, 24, 86, '51.5276808', '-0.0834526', 0, 0, 'valid', '1528436971', '2018-06-08 05:49:31'),
(996, 24, 86, '51.5276808', '-0.0834526', 0, 0, 'valid', '1528436979', '2018-06-08 05:49:39'),
(997, 24, 86, '51.5276547', '-0.0833494', 0, 0, 'valid', '1528437031', '2018-06-08 05:50:31'),
(998, 24, 86, '51.5276547', '-0.0833494', 0, 0, 'valid', '1528437039', '2018-06-08 05:50:39'),
(999, 24, 86, '51.5276921', '-0.0834993', 0, 0, 'valid', '1528437091', '2018-06-08 05:51:31'),
(1000, 24, 86, '51.5276921', '-0.0834993', 0, 0, 'valid', '1528437099', '2018-06-08 05:51:39'),
(1001, 24, 86, '51.527657', '-0.0833571', 0, 0, 'valid', '1528437151', '2018-06-08 05:52:31'),
(1002, 24, 86, '51.527657', '-0.0833571', 0, 0, 'valid', '1528437159', '2018-06-08 05:52:39'),
(1003, 24, 86, '51.5276655', '-0.0833841', 0, 0, 'valid', '1528437211', '2018-06-08 05:53:31'),
(1004, 24, 86, '51.5276655', '-0.0833841', 0, 0, 'valid', '1528437219', '2018-06-08 05:53:39'),
(1005, 24, 86, '51.5276494', '-0.083331', 0, 0, 'valid', '1528437271', '2018-06-08 05:54:31'),
(1006, 24, 86, '51.5276494', '-0.083331', 0, 0, 'valid', '1528437279', '2018-06-08 05:54:39'),
(1007, 24, 86, '51.527695', '-0.0835075', 0, 0, 'valid', '1528437331', '2018-06-08 05:55:31'),
(1008, 24, 86, '51.527695', '-0.0835075', 0, 0, 'valid', '1528437339', '2018-06-08 05:55:39'),
(1009, 24, 86, '51.5276946', '-0.0835178', 0, 0, 'valid', '1528437391', '2018-06-08 05:56:31'),
(1010, 24, 86, '51.5276946', '-0.0835178', 0, 0, 'valid', '1528437399', '2018-06-08 05:56:39'),
(1011, 24, 86, '51.5276735', '-0.0834436', 0, 0, 'valid', '1528437451', '2018-06-08 05:57:31'),
(1012, 24, 86, '51.5276735', '-0.0834436', 0, 0, 'valid', '1528437459', '2018-06-08 05:57:39'),
(1013, 24, 86, '51.52767', '-0.0833994', 0, 0, 'valid', '1528437511', '2018-06-08 05:58:31'),
(1014, 24, 86, '51.52767', '-0.0833994', 0, 0, 'valid', '1528437519', '2018-06-08 05:58:39'),
(1015, 24, 86, '51.5276824', '-0.083458', 0, 0, 'valid', '1528437571', '2018-06-08 05:59:31'),
(1016, 24, 86, '51.5276824', '-0.083458', 0, 0, 'valid', '1528437579', '2018-06-08 05:59:39'),
(1017, 24, 86, '51.5276756', '-0.0834454', 0, 0, 'valid', '1528437631', '2018-06-08 06:00:31'),
(1018, 24, 86, '51.5276756', '-0.0834454', 0, 0, 'valid', '1528437639', '2018-06-08 06:00:39'),
(1019, 24, 86, '51.5276967', '-0.0835127', 0, 0, 'valid', '1528437691', '2018-06-08 06:01:31'),
(1020, 24, 86, '51.5276967', '-0.0835127', 0, 0, 'valid', '1528437699', '2018-06-08 06:01:39'),
(1021, 24, 86, '51.5276975', '-0.0835143', 0, 0, 'valid', '1528437751', '2018-06-08 06:02:31'),
(1022, 24, 86, '51.5276975', '-0.0835143', 0, 0, 'valid', '1528437759', '2018-06-08 06:02:39'),
(1023, 24, 86, '51.5276928', '-0.0834949', 0, 0, 'valid', '1528437811', '2018-06-08 06:03:31'),
(1024, 24, 86, '51.5276928', '-0.0834949', 0, 0, 'valid', '1528437819', '2018-06-08 06:03:39'),
(1025, 24, 86, '51.5276872', '-0.0834776', 0, 0, 'valid', '1528437871', '2018-06-08 06:04:31'),
(1026, 24, 86, '51.5276872', '-0.0834776', 0, 0, 'valid', '1528437879', '2018-06-08 06:04:39'),
(1027, 24, 86, '51.5276854', '-0.0834425', 0, 0, 'valid', '1528437931', '2018-06-08 06:05:31'),
(1028, 24, 86, '51.5276854', '-0.0834425', 0, 0, 'valid', '1528437939', '2018-06-08 06:05:39'),
(1029, 24, 86, '51.5276768', '-0.0834583', 0, 0, 'valid', '1528437991', '2018-06-08 06:06:31'),
(1030, 24, 86, '51.5276768', '-0.0834583', 0, 0, 'valid', '1528437999', '2018-06-08 06:06:39'),
(1031, 25, 88, '51.5469823', '-0.0240192', 0, 0, 'valid', '1528817053', '2018-06-12 15:24:13'),
(1032, 25, 88, '51.5469769', '-0.0240117', 0, 0, 'valid', '1528817113', '2018-06-12 15:25:13'),
(1033, 25, 88, '51.5469765', '-0.0240126', 0, 0, 'valid', '1528817173', '2018-06-12 15:26:13'),
(1034, 25, 88, '51.5469808', '-0.0240024', 0, 0, 'valid', '1528817233', '2018-06-12 15:27:13'),
(1035, 25, 88, '51.5469802', '-0.0240047', 0, 0, 'valid', '1528817293', '2018-06-12 15:28:13'),
(1036, 25, 88, '51.5471953', '-0.0242765', 0, 0, 'valid', '1528817356', '2018-06-12 15:29:16'),
(1037, 25, 88, '51.5473179', '-0.0243518', 0, 0, 'valid', '1528817419', '2018-06-12 15:30:19'),
(1038, 25, 88, '51.5476786', '-0.0242839', 0, 0, 'valid', '1528817481', '2018-06-12 15:31:21'),
(1039, 25, 88, '51.5476737', '-0.0243282', 0, 0, 'valid', '1528817542', '2018-06-12 15:32:22'),
(1040, 25, 88, '51.5476358', '-0.0244324', 0, 0, 'valid', '1528817602', '2018-06-12 15:33:22'),
(1041, 25, 88, '51.5473979', '-0.0240744', 0, 0, 'valid', '1528817664', '2018-06-12 15:34:24'),
(1042, 25, 88, '51.5476332', '-0.0235472', 0, 0, 'valid', '1528817724', '2018-06-12 15:35:24'),
(1043, 25, 88, '51.5476594', '-0.024158', 0, 0, 'valid', '1528817789', '2018-06-12 15:36:29'),
(1044, 25, 88, '51.5490782', '-0.0226138', 0, 0, 'valid', '1528818333', '2018-06-12 15:45:33'),
(1045, 25, 88, '51.5490598', '-0.0226136', 0, 0, 'valid', '1528818393', '2018-06-12 15:46:33'),
(1046, 25, 88, '51.5492118', '-0.0224709', 0, 0, 'valid', '1528819123', '2018-06-12 15:58:43'),
(1047, 25, 88, '51.5492118', '-0.0224709', 0, 0, 'valid', '1528819166', '2018-06-12 15:59:26'),
(1048, 25, 88, '51.5492118', '-0.0224709', 0, 0, 'valid', '1528819173', '2018-06-12 15:59:33'),
(1049, 25, 88, '51.5489985', '-0.0231071', 0, 0, 'valid', '1528819183', '2018-06-12 15:59:43'),
(1050, 25, 88, '51.5489985', '-0.0231071', 0, 0, 'valid', '1528819226', '2018-06-12 16:00:26'),
(1051, 25, 88, '51.5489985', '-0.0231071', 0, 0, 'valid', '1528819233', '2018-06-12 16:00:33'),
(1052, 25, 88, '51.5476236', '-0.0277199', 0, 0, 'valid', '1528819243', '2018-06-12 16:00:43'),
(1053, 25, 88, '51.5476236', '-0.0277199', 0, 0, 'valid', '1528819286', '2018-06-12 16:01:26'),
(1054, 25, 88, '51.5476236', '-0.0277199', 0, 0, 'valid', '1528819293', '2018-06-12 16:01:33'),
(1055, 25, 88, '51.5476236', '-0.0277199', 0, 0, 'valid', '1528819303', '2018-06-12 16:01:43'),
(1056, 25, 88, '51.547159', '-0.0289183', 0, 0, 'valid', '1528819346', '2018-06-12 16:02:26'),
(1057, 25, 88, '51.547159', '-0.0289183', 0, 0, 'valid', '1528819353', '2018-06-12 16:02:33'),
(1058, 25, 88, '51.547159', '-0.0289183', 0, 0, 'valid', '1528819363', '2018-06-12 16:02:43'),
(1059, 25, 88, '51.5464017', '-0.0297263', 0, 0, 'valid', '1528819406', '2018-06-12 16:03:26'),
(1060, 25, 88, '51.5464017', '-0.0297263', 0, 0, 'valid', '1528819413', '2018-06-12 16:03:33'),
(1061, 25, 88, '51.5464017', '-0.0297263', 0, 0, 'valid', '1528819423', '2018-06-12 16:03:43'),
(1062, 25, 88, '51.5454899', '-0.0301808', 0, 0, 'valid', '1528819466', '2018-06-12 16:04:26'),
(1063, 25, 88, '51.5454899', '-0.0301808', 0, 0, 'valid', '1528819473', '2018-06-12 16:04:33'),
(1064, 25, 88, '51.5454899', '-0.0301808', 0, 0, 'valid', '1528819483', '2018-06-12 16:04:43'),
(1065, 25, 88, '51.5454899', '-0.0301808', 0, 0, 'valid', '1528819526', '2018-06-12 16:05:26'),
(1066, 25, 88, '51.5454899', '-0.0301808', 0, 0, 'valid', '1528819533', '2018-06-12 16:05:33'),
(1067, 25, 88, '51.5454899', '-0.0301808', 0, 0, 'valid', '1528819543', '2018-06-12 16:05:43'),
(1068, 25, 88, '51.5453469', '-0.0301788', 0, 0, 'valid', '1528819566', '2018-06-12 16:06:06'),
(1069, 25, 88, '51.5453469', '-0.0301788', 0, 0, 'valid', '1528819586', '2018-06-12 16:06:26'),
(1070, 25, 88, '51.5453469', '-0.0301788', 0, 0, 'valid', '1528819593', '2018-06-12 16:06:33'),
(1071, 25, 88, '51.5453469', '-0.0301788', 0, 0, 'valid', '1528819603', '2018-06-12 16:06:43'),
(1072, 25, 88, '51.5452203', '-0.0304819', 0, 0, 'valid', '1528819626', '2018-06-12 16:07:06'),
(1073, 25, 88, '51.5452203', '-0.0304819', 0, 0, 'valid', '1528819646', '2018-06-12 16:07:26'),
(1074, 25, 88, '51.5452203', '-0.0304819', 0, 0, 'valid', '1528819653', '2018-06-12 16:07:33'),
(1075, 25, 88, '51.5452203', '-0.0304819', 0, 0, 'valid', '1528819663', '2018-06-12 16:07:43'),
(1076, 25, 88, '51.5437115', '-0.0348716', 0, 0, 'valid', '1528819686', '2018-06-12 16:08:06'),
(1077, 25, 88, '51.5437115', '-0.0348716', 0, 0, 'valid', '1528819706', '2018-06-12 16:08:26'),
(1078, 25, 88, '51.5437115', '-0.0348716', 0, 0, 'valid', '1528819713', '2018-06-12 16:08:33'),
(1079, 25, 88, '51.5437115', '-0.0348716', 0, 0, 'valid', '1528819723', '2018-06-12 16:08:43'),
(1080, 25, 88, '51.5433313', '-0.0355366', 0, 0, 'valid', '1528819746', '2018-06-12 16:09:06'),
(1081, 25, 88, '51.5433313', '-0.0355366', 0, 0, 'valid', '1528819767', '2018-06-12 16:09:27'),
(1082, 25, 88, '51.5433313', '-0.0355366', 0, 0, 'valid', '1528819776', '2018-06-12 16:09:36'),
(1083, 25, 88, '51.5433313', '-0.0355366', 0, 0, 'valid', '1528819783', '2018-06-12 16:09:43'),
(1084, 25, 88, '51.5395063', '-0.040846', 0, 0, 'valid', '1528819806', '2018-06-12 16:10:06'),
(1085, 25, 88, '51.5395063', '-0.040846', 0, 0, 'valid', '1528819827', '2018-06-12 16:10:27'),
(1086, 25, 88, '51.5395063', '-0.040846', 0, 0, 'valid', '1528819848', '2018-06-12 16:10:48'),
(1087, 25, 88, '51.5395063', '-0.040846', 0, 0, 'valid', '1528819848', '2018-06-12 16:10:48'),
(1088, 25, 88, '51.5395063', '-0.040846', 0, 0, 'valid', '1528819867', '2018-06-12 16:11:07'),
(1089, 25, 88, '51.5395063', '-0.040846', 0, 0, 'valid', '1528819886', '2018-06-12 16:11:26'),
(1090, 25, 88, '51.5395063', '-0.040846', 0, 0, 'valid', '1528819896', '2018-06-12 16:11:36'),
(1091, 25, 88, '51.5395063', '-0.040846', 0, 0, 'valid', '1528819903', '2018-06-12 16:11:43'),
(1092, 25, 88, '51.5378782', '-0.045532', 0, 0, 'valid', '1528819926', '2018-06-12 16:12:06'),
(1093, 25, 88, '51.5378782', '-0.045532', 0, 0, 'valid', '1528819946', '2018-06-12 16:12:26'),
(1094, 25, 88, '51.5378782', '-0.045532', 0, 0, 'valid', '1528819953', '2018-06-12 16:12:33'),
(1095, 25, 88, '51.5378782', '-0.045532', 0, 0, 'valid', '1528819963', '2018-06-12 16:12:43'),
(1096, 25, 88, '51.5378864', '-0.0457745', 0, 0, 'valid', '1528819986', '2018-06-12 16:13:06'),
(1097, 25, 88, '51.5378864', '-0.0457745', 0, 0, 'valid', '1528820006', '2018-06-12 16:13:26'),
(1098, 25, 88, '51.5378864', '-0.0457745', 0, 0, 'valid', '1528820013', '2018-06-12 16:13:33'),
(1099, 25, 88, '51.5378864', '-0.0457745', 0, 0, 'valid', '1528820023', '2018-06-12 16:13:43'),
(1100, 25, 88, '51.5351756', '-0.0569523', 0, 0, 'valid', '1528820046', '2018-06-12 16:14:06'),
(1101, 25, 88, '51.5351756', '-0.0569523', 0, 0, 'valid', '1528820066', '2018-06-12 16:14:26'),
(1102, 25, 88, '51.5351756', '-0.0569523', 0, 0, 'valid', '1528820073', '2018-06-12 16:14:33'),
(1103, 25, 88, '51.5351756', '-0.0569523', 0, 0, 'valid', '1528820083', '2018-06-12 16:14:43'),
(1104, 25, 88, '51.5351756', '-0.0569523', 0, 0, 'valid', '1528820106', '2018-06-12 16:15:06'),
(1105, 25, 88, '51.5344709', '-0.057245', 0, 0, 'valid', '1528820126', '2018-06-12 16:15:26'),
(1106, 25, 88, '51.5344709', '-0.057245', 0, 0, 'valid', '1528820133', '2018-06-12 16:15:33'),
(1107, 25, 88, '51.5344709', '-0.057245', 0, 0, 'valid', '1528820143', '2018-06-12 16:15:43'),
(1108, 25, 88, '51.5344709', '-0.057245', 0, 0, 'valid', '1528820166', '2018-06-12 16:16:06'),
(1109, 25, 88, '51.534082', '-0.0572483', 0, 0, 'valid', '1528820186', '2018-06-12 16:16:26'),
(1110, 25, 88, '51.534082', '-0.0572483', 0, 0, 'valid', '1528820193', '2018-06-12 16:16:33'),
(1111, 25, 88, '51.534082', '-0.0572483', 0, 0, 'valid', '1528820203', '2018-06-12 16:16:43'),
(1112, 25, 88, '51.534082', '-0.0572483', 0, 0, 'valid', '1528820226', '2018-06-12 16:17:06'),
(1113, 25, 88, '51.531623', '-0.0565749', 0, 0, 'valid', '1528820248', '2018-06-12 16:17:28'),
(1114, 25, 88, '51.531623', '-0.0565749', 0, 0, 'valid', '1528820253', '2018-06-12 16:17:33'),
(1115, 25, 88, '51.531623', '-0.0565749', 0, 0, 'valid', '1528820263', '2018-06-12 16:17:43'),
(1116, 25, 88, '51.531623', '-0.0565749', 0, 0, 'valid', '1528820286', '2018-06-12 16:18:06'),
(1117, 25, 88, '51.5299986', '-0.0559396', 0, 0, 'valid', '1528820306', '2018-06-12 16:18:26'),
(1118, 25, 88, '51.5299986', '-0.0559396', 0, 0, 'valid', '1528820313', '2018-06-12 16:18:33'),
(1119, 25, 88, '51.5299986', '-0.0559396', 0, 0, 'valid', '1528820323', '2018-06-12 16:18:43'),
(1120, 25, 88, '51.5299986', '-0.0559396', 0, 0, 'valid', '1528820347', '2018-06-12 16:19:07'),
(1121, 25, 88, '51.5299986', '-0.0559396', 0, 0, 'valid', '1528820366', '2018-06-12 16:19:26'),
(1122, 25, 88, '51.5299986', '-0.0559396', 0, 0, 'valid', '1528820373', '2018-06-12 16:19:33'),
(1123, 25, 88, '51.5299986', '-0.0559396', 0, 0, 'valid', '1528820383', '2018-06-12 16:19:43'),
(1124, 25, 88, '51.5284522', '-0.0555745', 0, 0, 'valid', '1528820406', '2018-06-12 16:20:06'),
(1125, 25, 88, '51.5269872', '-0.0548561', 0, 0, 'valid', '1528820526', '2018-06-12 16:22:07'),
(1126, 25, 88, '51.5271723', '-0.0546685', 0, 0, 'valid', '1528820547', '2018-06-12 16:22:27'),
(1127, 25, 88, '51.5271723', '-0.0546685', 0, 0, 'valid', '1528820554', '2018-06-12 16:22:34'),
(1128, 25, 88, '51.5271723', '-0.0546685', 0, 0, 'valid', '1528820563', '2018-06-12 16:22:43'),
(1129, 25, 88, '51.5271711', '-0.0548547', 0, 0, 'valid', '1528820766', '2018-06-12 16:26:06'),
(1130, 25, 88, '51.5271711', '-0.0548547', 0, 0, 'valid', '1528820853', '2018-06-12 16:27:33'),
(1131, 25, 88, '51.5271711', '-0.0548547', 0, 0, 'valid', '1528820863', '2018-06-12 16:27:43'),
(1132, 25, 88, '51.5133476', '-0.0888683', 0, 0, 'valid', '1528820886', '2018-06-12 16:28:06'),
(1133, 25, 88, '51.5133476', '-0.0888683', 0, 0, 'valid', '1528821007', '2018-06-12 16:30:07'),
(1134, 25, 88, '51.5133476', '-0.0888683', 0, 0, 'valid', '1528821103', '2018-06-12 16:31:43'),
(1135, 25, 88, '51.5185649', '-0.1123876', 0, 0, 'valid', '1528821128', '2018-06-12 16:32:08'),
(1136, 25, 88, '51.5185649', '-0.1123876', 0, 0, 'valid', '1528821223', '2018-06-12 16:33:43'),
(1137, 25, 88, '51.5173224', '-0.1197161', 0, 0, 'valid', '1528821267', '2018-06-12 16:34:27'),
(1138, 25, 88, '51.5173224', '-0.1197161', 0, 0, 'valid', '1528821274', '2018-06-12 16:34:34'),
(1139, 25, 88, '51.5173224', '-0.1197161', 0, 0, 'valid', '1528821283', '2018-06-12 16:34:43'),
(1140, 25, 88, '51.5173224', '-0.1197161', 0, 0, 'valid', '1528821307', '2018-06-12 16:35:07'),
(1141, 25, 88, '51.5172752', '-0.1197902', 0, 0, 'valid', '1528821327', '2018-06-12 16:35:27'),
(1142, 25, 88, '51.5172752', '-0.1197902', 0, 0, 'valid', '1528821333', '2018-06-12 16:35:33'),
(1143, 25, 88, '51.5172752', '-0.1197902', 0, 0, 'valid', '1528821343', '2018-06-12 16:35:43'),
(1144, 25, 88, '51.5172752', '-0.1197902', 0, 0, 'valid', '1528821393', '2018-06-12 16:36:33'),
(1145, 25, 88, '51.5172752', '-0.1197902', 0, 0, 'valid', '1528821403', '2018-06-12 16:36:43'),
(1146, 25, 88, '51.5172752', '-0.1197902', 0, 0, 'valid', '1528821427', '2018-06-12 16:37:07'),
(1147, 25, 88, '51.5172752', '-0.1197902', 0, 0, 'valid', '1528821447', '2018-06-12 16:37:27'),
(1148, 25, 88, '51.5172752', '-0.1197902', 0, 0, 'valid', '1528821453', '2018-06-12 16:37:33'),
(1149, 25, 88, '51.5172752', '-0.1197902', 0, 0, 'valid', '1528821463', '2018-06-12 16:37:43'),
(1150, 25, 88, '51.5172752', '-0.1197902', 0, 0, 'valid', '1528821487', '2018-06-12 16:38:07'),
(1151, 25, 88, '51.5172752', '-0.1197902', 0, 0, 'valid', '1528821507', '2018-06-12 16:38:27'),
(1152, 25, 88, '51.5172752', '-0.1197902', 0, 0, 'valid', '1528821513', '2018-06-12 16:38:33'),
(1153, 25, 88, '51.5172752', '-0.1197902', 0, 0, 'valid', '1528821523', '2018-06-12 16:38:43'),
(1154, 25, 88, '51.5172752', '-0.1197902', 0, 0, 'valid', '1528821547', '2018-06-12 16:39:07'),
(1155, 25, 88, '51.5172752', '-0.1197902', 0, 0, 'valid', '1528821567', '2018-06-12 16:39:27'),
(1156, 25, 88, '51.5172752', '-0.1197902', 0, 0, 'valid', '1528821574', '2018-06-12 16:39:34'),
(1157, 25, 88, '51.5172752', '-0.1197902', 0, 0, 'valid', '1528821583', '2018-06-12 16:39:43'),
(1158, 25, 88, '51.5172752', '-0.1197902', 0, 0, 'valid', '1528821788', '2018-06-12 16:43:08'),
(1159, 25, 88, '51.5038085', '-0.1137271', 0, 0, 'valid', '1528822329', '2018-06-12 16:52:09'),
(1160, 25, 88, '51.50349', '-0.1119337', 0, 0, 'valid', '1528822390', '2018-06-12 16:53:10'),
(1161, 25, 88, '51.5034397', '-0.1115877', 0, 0, 'valid', '1528822449', '2018-06-12 16:54:09'),
(1162, 25, 88, '51.5043314', '-0.1051406', 0, 0, 'valid', '1528822570', '2018-06-12 16:56:10'),
(1163, 25, 88, '51.5053149', '-0.0875534', 0, 0, 'valid', '1528822689', '2018-06-12 16:58:09'),
(1164, 25, 88, '51.5053149', '-0.0875534', 0, 0, 'valid', '1528822713', '2018-06-12 16:58:33'),
(1165, 25, 88, '51.5053149', '-0.0875534', 0, 0, 'valid', '1528822749', '2018-06-12 16:59:09'),
(1166, 25, 88, '51.5056033', '-0.0869303', 0, 0, 'valid', '1528822834', '2018-06-12 17:00:34'),
(1167, 25, 88, '51.5060197', '-0.0864368', 0, 0, 'valid', '1528822894', '2018-06-12 17:01:34'),
(1168, 25, 88, '51.5030785', '-0.0751581', 0, 0, 'valid', '1528824529', '2018-06-12 17:28:49'),
(1169, 5, 87, '33.985805', '-118.25411166666666', 0, 0, 'valid', '1528852414', '2018-06-13 01:13:34'),
(1170, 5, 87, '33.985805', '-118.25411166666666', 0, 0, 'valid', '1528852681', '2018-06-13 01:18:01'),
(1171, 5, 87, '33.985805', '-118.25411166666666', 0, 0, 'valid', '1528852741', '2018-06-13 01:19:01'),
(1172, 5, 87, '33.985805', '-118.25411166666666', 0, 0, 'valid', '1528852801', '2018-06-13 01:20:01'),
(1173, 5, 87, '33.985805', '-118.25411166666666', 0, 0, 'valid', '1528852861', '2018-06-13 01:21:01'),
(1174, 5, 87, '33.985805', '-118.25411166666666', 0, 0, 'valid', '1528852921', '2018-06-13 01:22:01'),
(1175, 5, 87, '33.985805', '-118.25411166666666', 0, 0, 'valid', '1528852981', '2018-06-13 01:23:01'),
(1176, 5, 87, '33.985805', '-118.25411166666666', 0, 0, 'valid', '1528853054', '2018-06-13 01:24:14'),
(1177, 5, 87, '33.985805', '-118.25411166666666', 2387000, 226765000, 'valid', '1528853149', '2018-06-13 01:25:49'),
(1178, 5, 87, '33.985805', '-118.25411166666666', 2510000, 10040000, 'valid', '1528853153', '2018-06-13 01:25:53'),
(1179, 5, 87, '33.985805', '-118.25411166666666', 2510000, 12550000, 'valid', '1528853158', '2018-06-13 01:25:58'),
(1180, 5, 87, '33.985805', '-118.25411166666666', 2512000, 12560000, 'valid', '1528853163', '2018-06-13 01:26:03'),
(1181, 5, 87, '33.985805', '-118.25411166666666', 2509000, 12545000, 'valid', '1528853168', '2018-06-13 01:26:08'),
(1182, 5, 87, '33.985805', '-118.25411166666666', 2511000, 12555000, 'valid', '1528853173', '2018-06-13 01:26:13'),
(1183, 5, 87, '33.985805', '-118.25411166666666', 2511000, 12555000, 'valid', '1528853178', '2018-06-13 01:26:18'),
(1184, 5, 87, '33.985805', '-118.25411166666666', 2511000, 12555000, 'valid', '1528853183', '2018-06-13 01:26:23'),
(1185, 5, 87, '33.985805', '-118.25411166666666', 2511000, 12555000, 'valid', '1528853188', '2018-06-13 01:26:28'),
(1186, 5, 87, '33.985805', '-118.25411166666666', 2509000, 12545000, 'valid', '1528853193', '2018-06-13 01:26:33'),
(1187, 5, 87, '33.985805', '-118.25411166666666', 2514000, 12570000, 'valid', '1528853198', '2018-06-13 01:26:38'),
(1188, 5, 87, '33.985805', '-118.25411166666666', 2512000, 12560000, 'valid', '1528853203', '2018-06-13 01:26:43'),
(1189, 5, 87, '33.985805', '-118.25411166666666', 2511000, 12555000, 'valid', '1528853208', '2018-06-13 01:26:48'),
(1190, 5, 87, '33.985805', '-118.25411166666666', 2513000, 12565000, 'valid', '1528853213', '2018-06-13 01:26:53'),
(1191, 5, 87, '33.985805', '-118.25411166666666', 2507000, 12535000, 'valid', '1528853218', '2018-06-13 01:26:58'),
(1192, 5, 87, '33.985805', '-118.25411166666666', 2512000, 12560000, 'valid', '1528853223', '2018-06-13 01:27:03'),
(1193, 5, 87, '33.985805', '-118.25411166666666', 2511000, 12555000, 'valid', '1528853228', '2018-06-13 01:27:08'),
(1194, 5, 87, '33.985805', '-118.25411166666666', 2511000, 12555000, 'valid', '1528853233', '2018-06-13 01:27:13'),
(1195, 5, 87, '33.985805', '-118.25411166666666', 2511000, 12555000, 'valid', '1528853238', '2018-06-13 01:27:18'),
(1196, 5, 87, '33.985805', '-118.25411166666666', 2510000, 12550000, 'valid', '1528853243', '2018-06-13 01:27:23'),
(1197, 5, 87, '33.985805', '-118.25411166666666', 2512000, 12560000, 'valid', '1528853248', '2018-06-13 01:27:28'),
(1198, 5, 87, '33.985805', '-118.25411166666666', 2512000, 12560000, 'valid', '1528853253', '2018-06-13 01:27:33'),
(1199, 5, 87, '33.985805', '-118.25411166666666', 0, 0, 'valid', '1528853384', '2018-06-13 01:29:44'),
(1200, 5, 87, '33.985805', '-118.25411166666666', 0, 0, 'valid', '1528853389', '2018-06-13 01:29:49'),
(1201, 5, 87, '33.985805', '-118.25411166666666', 0, 0, 'valid', '1528853394', '2018-06-13 01:29:54'),
(1202, 5, 87, '33.985805', '-118.25411166666666', 0, 0, 'valid', '1528853399', '2018-06-13 01:29:59'),
(1203, 5, 87, '33.985805', '-118.25411166666666', 0, 0, 'valid', '1528853404', '2018-06-13 01:30:04'),
(1204, 5, 87, '33.985805', '-118.25411166666666', 0, 0, 'valid', '1528853567', '2018-06-13 01:32:47'),
(1205, 5, 87, '33.985805', '-118.25411166666666', 0, 0, 'valid', '1528853572', '2018-06-13 01:32:52'),
(1206, 5, 87, '33.985805', '-118.25411166666666', 0, 0, 'valid', '1528853577', '2018-06-13 01:32:57'),
(1207, 5, 87, '33.985805', '-118.25411166666666', 0, 0, 'valid', '1528853582', '2018-06-13 01:33:02'),
(1208, 5, 87, '33.985805', '-118.25411166666666', 0, 0, 'valid', '1528853587', '2018-06-13 01:33:07'),
(1209, 5, 87, '33.985805', '-118.25411166666666', 0, 0, 'valid', '1528853592', '2018-06-13 01:33:12'),
(1210, 5, 87, '33.985805', '-118.25411166666666', 0, 0, 'valid', '1528853597', '2018-06-13 01:33:17'),
(1211, 5, 87, '33.985805', '-118.25411166666666', 0, 0, 'valid', '1528853602', '2018-06-13 01:33:22'),
(1212, 5, 87, '33.985805', '-118.25411166666666', 0, 0, 'valid', '1528853607', '2018-06-13 01:33:27'),
(1213, 5, 87, '33.985805', '-118.25411166666666', 0, 0, 'valid', '1528853612', '2018-06-13 01:33:32'),
(1214, 5, 87, '33.985805', '-118.25411166666666', 0, 0, 'valid', '1528853617', '2018-06-13 01:33:37'),
(1215, 5, 87, '33.985805', '-118.25411166666666', 0, 0, 'valid', '1528853622', '2018-06-13 01:33:42'),
(1216, 5, 87, '33.985805', '-118.25411166666666', 0, 0, 'valid', '1528853627', '2018-06-13 01:33:47'),
(1217, 5, 87, '33.985805', '-118.25411166666666', 10091.8, 343120.197, 'valid', '1528853661', '2018-06-13 01:34:21'),
(1218, 5, 87, '33.985805', '-118.25411166666666', 10214.7, 51073.71, 'valid', '1528853666', '2018-06-13 01:34:26'),
(1219, 5, 87, '33.985805', '-118.25411166666666', 10214.7, 51073.71, 'valid', '1528853671', '2018-06-13 01:34:31'),
(1220, 5, 87, '33.985805', '-118.25411166666666', 10210.7, 51053.315, 'valid', '1528853676', '2018-06-13 01:34:36'),
(1221, 5, 87, '33.985805', '-118.25411166666666', 10206.6, 51032.935, 'valid', '1528853681', '2018-06-13 01:34:41'),
(1222, 5, 87, '33.985805', '-118.25411166666666', 10220.9, 51104.335, 'valid', '1528853686', '2018-06-13 01:34:46'),
(1223, 5, 87, '33.985805', '-118.25411166666666', 10210.7, 51053.315, 'valid', '1528853691', '2018-06-13 01:34:51'),
(1224, 5, 87, '33.985805', '-118.25411166666666', 10204.5, 51022.75, 'valid', '1528853696', '2018-06-13 01:34:56'),
(1225, 5, 87, '33.985805', '-118.25411166666666', 10212.7, 51063.51, 'valid', '1528853701', '2018-06-13 01:35:01'),
(1226, 5, 87, '33.985805', '-118.25411166666666', 10202.5, 51012.57, 'valid', '1528853706', '2018-06-13 01:35:06'),
(1227, 5, 87, '33.985805', '-118.25411166666666', 10212.7, 51063.51, 'valid', '1528853711', '2018-06-13 01:35:11'),
(1228, 5, 87, '33.985805', '-118.25411166666666', 10210.7, 51053.315, 'valid', '1528853716', '2018-06-13 01:35:16'),
(1229, 5, 87, '33.985805', '-118.25411166666666', 10210.7, 51053.315, 'valid', '1528853721', '2018-06-13 01:35:21'),
(1230, 5, 87, '33.985805', '-118.25411166666666', 10206.6, 51032.935, 'valid', '1528853726', '2018-06-13 01:35:26'),
(1231, 5, 87, '33.985805', '-118.25411166666666', 10212.7, 51063.51, 'valid', '1528853731', '2018-06-13 01:35:31'),
(1232, 5, 87, '33.985805', '-118.25411166666666', 10216.8, 51083.915, 'valid', '1528853736', '2018-06-13 01:35:36'),
(1233, 5, 87, '33.985805', '-118.25411166666666', 10202.5, 51012.57, 'valid', '1528853741', '2018-06-13 01:35:41'),
(1234, 5, 87, '33.985805', '-118.25411166666666', 10218.8, 51094.125, 'valid', '1528853746', '2018-06-13 01:35:46'),
(1235, 5, 87, '33.985805', '-118.25411166666666', 10196.4, 61178.466, 'valid', '1528853752', '2018-06-13 01:35:52');

-- --------------------------------------------------------

--
-- Table structure for table `users`
--

CREATE TABLE `users` (
  `id` int(11) UNSIGNED NOT NULL,
  `one_id_ios` varchar(256) NOT NULL,
  `one_id_android` varchar(256) NOT NULL,
  `ip_address` varchar(15) NOT NULL,
  `username` varchar(100) DEFAULT NULL,
  `password` varchar(255) NOT NULL,
  `salt` varchar(255) DEFAULT NULL,
  `email` varchar(100) NOT NULL,
  `activation_code` varchar(40) DEFAULT NULL,
  `forgotten_password_code` varchar(40) DEFAULT NULL,
  `forgotten_password_time` int(11) UNSIGNED DEFAULT NULL,
  `remember_code` varchar(40) DEFAULT NULL,
  `created_on` int(11) UNSIGNED NOT NULL,
  `last_login` int(11) UNSIGNED DEFAULT NULL,
  `active` tinyint(1) UNSIGNED DEFAULT NULL,
  `first_name` varchar(50) DEFAULT NULL,
  `last_name` varchar(50) DEFAULT NULL,
  `birthday` varchar(256) DEFAULT NULL,
  `driving_license_number` varchar(256) NOT NULL,
  `driving_license_expiry_date` varchar(256) NOT NULL,
  `driving_license_class` varchar(256) NOT NULL,
  `car_type_id` int(11) NOT NULL,
  `vehicle_plate_number` varchar(256) NOT NULL,
  `plate_number_expiry_date` varchar(256) NOT NULL,
  `photo_vehicle` varchar(256) NOT NULL,
  `photo_plate_number` varchar(256) NOT NULL,
  `gender` enum('Male','Famale','','') DEFAULT NULL,
  `company` varchar(100) DEFAULT NULL,
  `phone` varchar(20) DEFAULT NULL,
  `fb_id` varchar(128) NOT NULL,
  `tw_id` varchar(128) NOT NULL,
  `g_id` varchar(128) NOT NULL,
  `photo` varchar(256) NOT NULL,
  `user_type` enum('driver') NOT NULL DEFAULT 'driver',
  `lat` varchar(256) NOT NULL,
  `lng` varchar(256) NOT NULL,
  `speed` varchar(256) NOT NULL
) ENGINE=InnoDB DEFAULT CHARSET=utf8;

--
-- Dumping data for table `users`
--

INSERT INTO `users` (`id`, `one_id_ios`, `one_id_android`, `ip_address`, `username`, `password`, `salt`, `email`, `activation_code`, `forgotten_password_code`, `forgotten_password_time`, `remember_code`, `created_on`, `last_login`, `active`, `first_name`, `last_name`, `birthday`, `driving_license_number`, `driving_license_expiry_date`, `driving_license_class`, `car_type_id`, `vehicle_plate_number`, `plate_number_expiry_date`, `photo_vehicle`, `photo_plate_number`, `gender`, `company`, `phone`, `fb_id`, `tw_id`, `g_id`, `photo`, `user_type`, `lat`, `lng`, `speed`) VALUES
(5, '', '', '127.0.0.1', 'zhe wang', '$2y$08$DDjxxrYFuss8xr2aONSbzO3UMcRq6X/CBExVryah9jwAVdUbJXDVC', NULL, 'test@email.com', NULL, NULL, NULL, NULL, 1527880137, 1528854774, 1, 'zhe', 'wang', '4/06/1995', 'driving license number', '2/05/2020', 'class', 1, 'num123456', '2/05/2020', 'photo_vehicle0.06250700_1527880137.jpg', 'photo_plate_number0.07201900_1527880137.jpg', NULL, NULL, '1111111', '', '', '', '', 'driver', '22.319394', '114.17046200000004', '0'),
(6, '', '', '127.0.0.1', 'zhe Jin', '$2y$08$yOcyozjQH/YKKQjeUrtwQO9wGTCLmP2HvLHhlEaXVxBEptV7aFCUa', NULL, 'test1@email.com', NULL, NULL, NULL, NULL, 1527880173, NULL, 1, 'zhe', 'Jin', '2/05/2000', 'driving license number', '2/05/2020', 'class', 1, 'num123456', '2/05/2020', 'photo_vehicle0.99919400_1527880172.jpg', 'photo_plate_number0.00414200_1527880173.jpg', NULL, NULL, '123123123', '', '', '', '', 'driver', '', '', ''),
(7, '', '', '127.0.0.1', 'zhe Jin', '$2y$08$QnkGau/dwScjgBduBhuJquNufKiQYnOAXP7/IGwI03G6bvOLLp6ry', NULL, 'test2@email.com', NULL, NULL, NULL, NULL, 1527880221, NULL, 1, 'zhe', 'Jin', '2/05/2000', 'driving license number', '2/05/2020', 'class', 1, 'num123456', '2/05/2020', 'photo_vehicle0.09189500_1527880221.jpg', 'photo_plate_number0.09787600_1527880221.jpg', NULL, NULL, '123123123', '', '', '', '', 'driver', '', '', ''),
(21, '', '', '45.56.155.206', 'xiaoming Jin', '$2y$08$JeDtbGheNGQ0J3tKM1Qddu/wx33iL2JULaJf2BzsLzVRHGHsear6i', NULL, 'as1@email.com', NULL, NULL, NULL, NULL, 1528119944, NULL, 1, 'xiaoming', 'Jin', '2/05/2000', 'driving license number', '2/05/2020', 'class', 1, 'num123456', '2/05/2020', 'photo_vehicle0.63799800_1528119944.jpg', 'photo_plate_number0.63804000_1528119944.jpg', NULL, NULL, '123123123', '', '', '', '', 'driver', '', '', ''),
(22, '', '', '45.56.155.206', 'xiaoming Jin', '$2y$08$PQap8tUGWd.nf6I/b41qsuF8b7VTRhzM.9p3k9YLaIOBbBeAxxbSG', NULL, 'as2@email.com', NULL, NULL, NULL, NULL, 1528120078, NULL, 1, 'xiaoming', 'Jin', '2/05/2000', 'driving license number', '2/05/2020', 'class', 1, 'num123456', '2/05/2020', 'photo_vehicle0.63644000_1528120078.jpg', 'photo_plate_number0.63648200_1528120078.jpg', NULL, NULL, '123123123', '', '', '', '', 'driver', '', '', ''),
(23, '', '', '104.237.86.125', 'de xing', '$2y$08$Xff52LtmpqI1/TO9cGIsOumd/G5SP3LA/Xzs1QbQhBKId0HjSo8ky', NULL, 'r@email.com', NULL, NULL, NULL, NULL, 1528123262, NULL, 1, 'de', 'xing', '2/05/1988', '123', '4/06/2019', 'qru', 3, '468', '4/06/2020', 'photo_vehicle0.02928800_1528123262.jpg', 'photo_plate_number0.02932700_1528123262.jpg', NULL, NULL, '159400', '', '', '', '', 'driver', '', '', ''),
(24, '', '', '92.40.249.238', 'D H', '$2y$08$8nladn6HvZLn.YcZBOWFKer5n/ecrNgLmoqOIgytwgO6eK0QzW6NO', NULL, 'dh@gmail.coml', NULL, NULL, NULL, NULL, 1528435958, NULL, 1, 'D', 'H', '1/04/1990', '12345678', '1/04/2020', '1\n', 1, '12345678', '1/04/2020', 'photo_vehicle0.14026400_1528435958.jpg', 'photo_plate_number0.14029900_1528435958.jpg', NULL, NULL, '12345678', '', '', '', '', 'driver', '', '', ''),
(25, '', '', '82.163.113.117', 'D H', '$2y$08$eaaAFtkmikdvh6W/2EdzJOrK54eEjSFHOuNuptkqWEdNli.DAfDpu', NULL, 'dh@gmail.com ', NULL, NULL, NULL, NULL, 1528817009, 1528824515, 1, 'D', 'H', '1/04/1987', '12345678', '1/06/2022', '12345678', 1, '12345678', '1/04/2022', 'photo_vehicle0.61136400_1528817009.jpg', 'photo_plate_number0.61140900_1528817009.jpg', NULL, NULL, '12345678', '', '', '', '', 'driver', '', '', ''),
(26, '', '', '104.237.91.6', 'yang yang', '$2y$08$xewN4HBEaMHD2mCEb6ebq.4WyuhLUzfIbiQ64OQlSGvpAZakoo0am', NULL, 'yangyang88511@gmail.com', NULL, 'M0VWX7', NULL, NULL, 1528854915, 1528861330, 1, 'yang', 'yang', '13/06/2000', '11111', '13/06/2018', 'as', 3, '121212', '13/06/2022', 'photo_vehicle0.51506100_1528854915.jpg', 'photo_plate_number0.51509700_1528854915.jpg', NULL, NULL, '8615940019735', '', '', '', '', 'driver', '', '', '');

-- --------------------------------------------------------

--
-- Table structure for table `users_groups`
--

CREATE TABLE `users_groups` (
  `id` int(11) UNSIGNED NOT NULL,
  `user_id` int(11) UNSIGNED NOT NULL,
  `group_id` mediumint(8) UNSIGNED NOT NULL
) ENGINE=InnoDB DEFAULT CHARSET=utf8;

--
-- Dumping data for table `users_groups`
--

INSERT INTO `users_groups` (`id`, `user_id`, `group_id`) VALUES
(1, 1, 1),
(2, 2, 1),
(3, 3, 1),
(4, 4, 1),
(5, 10, 1),
(6, 12, 1),
(7, 13, 1),
(8, 14, 1),
(9, 16, 1),
(10, 17, 1),
(11, 18, 1),
(12, 19, 1),
(13, 20, 1),
(14, 21, 1),
(15, 22, 1),
(16, 23, 1),
(17, 24, 1),
(18, 25, 1),
(19, 26, 1),
(20, 27, 1),
(21, 28, 1),
(22, 29, 1),
(23, 30, 1),
(24, 31, 1),
(25, 32, 1),
(26, 33, 1),
(27, 34, 1),
(28, 35, 1),
(29, 36, 1),
(30, 37, 1),
(31, 38, 1),
(32, 39, 1),
(33, 40, 1),
(34, 41, 1),
(35, 42, 1),
(36, 43, 1),
(37, 44, 1),
(38, 45, 1),
(39, 46, 1),
(40, 47, 1),
(41, 48, 1),
(42, 49, 1),
(43, 50, 1),
(44, 51, 1),
(45, 52, 1),
(46, 53, 1),
(47, 54, 1),
(48, 55, 1),
(49, 56, 1),
(50, 76, 1),
(51, 77, 1),
(52, 78, 1),
(53, 79, 1),
(54, 80, 1),
(55, 81, 1),
(56, 82, 1),
(57, 83, 1),
(58, 85, 1),
(59, 88, 1),
(60, 89, 1),
(61, 90, 1),
(62, 91, 1),
(63, 92, 1),
(64, 93, 1),
(65, 94, 1),
(66, 95, 1),
(67, 96, 1),
(68, 97, 1),
(69, 106, 1),
(70, 107, 1),
(71, 113, 1),
(72, 123, 1),
(73, 124, 1),
(74, 153, 1),
(75, 154, 1),
(76, 155, 1),
(77, 162, 1),
(78, 163, 1),
(79, 164, 1),
(80, 166, 1),
(81, 167, 1),
(82, 168, 1),
(83, 169, 1),
(84, 173, 1),
(85, 176, 1),
(86, 177, 1),
(87, 178, 1),
(88, 179, 1),
(89, 180, 1),
(90, 181, 1),
(91, 182, 1),
(92, 183, 1),
(93, 184, 1),
(94, 185, 1),
(95, 186, 1),
(96, 187, 1),
(97, 200, 1),
(98, 214, 1),
(99, 216, 1),
(100, 229, 1),
(101, 233, 1),
(102, 239, 1),
(103, 240, 1),
(104, 246, 1),
(105, 258, 1),
(106, 259, 1),
(107, 260, 1),
(108, 261, 1),
(109, 262, 1),
(110, 263, 1),
(111, 264, 1),
(112, 274, 1),
(113, 277, 1),
(114, 281, 1),
(115, 282, 1),
(116, 284, 1),
(117, 285, 1),
(118, 286, 1),
(119, 289, 1),
(120, 292, 1),
(121, 296, 1),
(122, 297, 1),
(123, 298, 1),
(124, 299, 1),
(125, 312, 1),
(126, 313, 1),
(127, 314, 1),
(128, 315, 1),
(129, 316, 1),
(130, 317, 1),
(131, 318, 1),
(132, 319, 1),
(133, 320, 1),
(134, 321, 1),
(135, 322, 1),
(136, 323, 1),
(137, 324, 1),
(138, 325, 1),
(139, 326, 1),
(140, 327, 1),
(141, 328, 1),
(142, 329, 1),
(143, 338, 1),
(144, 343, 1),
(145, 347, 1),
(146, 348, 1),
(147, 1, 1),
(148, 2, 1),
(149, 3, 1),
(150, 4, 1),
(151, 5, 1),
(152, 6, 1),
(153, 7, 1),
(154, 8, 1),
(155, 9, 1),
(156, 10, 1),
(157, 11, 1),
(158, 12, 1),
(159, 13, 1),
(160, 14, 1),
(161, 15, 1),
(162, 16, 1),
(163, 17, 1),
(164, 18, 1),
(165, 19, 1),
(166, 20, 1),
(167, 21, 1),
(168, 22, 1),
(169, 23, 1),
(170, 24, 1),
(171, 25, 1),
(172, 26, 1);

--
-- Indexes for dumped tables
--

--
-- Indexes for table `admin_groups`
--
ALTER TABLE `admin_groups`
  ADD PRIMARY KEY (`id`);

--
-- Indexes for table `admin_login_attempts`
--
ALTER TABLE `admin_login_attempts`
  ADD PRIMARY KEY (`id`);

--
-- Indexes for table `admin_users`
--
ALTER TABLE `admin_users`
  ADD PRIMARY KEY (`id`);

--
-- Indexes for table `admin_users_groups`
--
ALTER TABLE `admin_users_groups`
  ADD PRIMARY KEY (`id`);

--
-- Indexes for table `ad_regions`
--
ALTER TABLE `ad_regions`
  ADD PRIMARY KEY (`id`);

--
-- Indexes for table `ad_types`
--
ALTER TABLE `ad_types`
  ADD PRIMARY KEY (`id`);

--
-- Indexes for table `api_access`
--
ALTER TABLE `api_access`
  ADD PRIMARY KEY (`id`);

--
-- Indexes for table `api_keys`
--
ALTER TABLE `api_keys`
  ADD PRIMARY KEY (`id`);

--
-- Indexes for table `api_limits`
--
ALTER TABLE `api_limits`
  ADD PRIMARY KEY (`id`);

--
-- Indexes for table `api_logs`
--
ALTER TABLE `api_logs`
  ADD PRIMARY KEY (`id`);

--
-- Indexes for table `car_types`
--
ALTER TABLE `car_types`
  ADD PRIMARY KEY (`id`);

--
-- Indexes for table `groups`
--
ALTER TABLE `groups`
  ADD PRIMARY KEY (`id`);

--
-- Indexes for table `login_attempts`
--
ALTER TABLE `login_attempts`
  ADD PRIMARY KEY (`id`);

--
-- Indexes for table `notifications`
--
ALTER TABLE `notifications`
  ADD PRIMARY KEY (`id`);

--
-- Indexes for table `orders`
--
ALTER TABLE `orders`
  ADD PRIMARY KEY (`order_id`);

--
-- Indexes for table `records`
--
ALTER TABLE `records`
  ADD PRIMARY KEY (`id`);

--
-- Indexes for table `users`
--
ALTER TABLE `users`
  ADD PRIMARY KEY (`id`);

--
-- Indexes for table `users_groups`
--
ALTER TABLE `users_groups`
  ADD PRIMARY KEY (`id`);

--
-- AUTO_INCREMENT for dumped tables
--

--
-- AUTO_INCREMENT for table `admin_groups`
--
ALTER TABLE `admin_groups`
  MODIFY `id` mediumint(8) UNSIGNED NOT NULL AUTO_INCREMENT, AUTO_INCREMENT=5;

--
-- AUTO_INCREMENT for table `admin_login_attempts`
--
ALTER TABLE `admin_login_attempts`
  MODIFY `id` int(11) UNSIGNED NOT NULL AUTO_INCREMENT;

--
-- AUTO_INCREMENT for table `admin_users`
--
ALTER TABLE `admin_users`
  MODIFY `id` int(11) UNSIGNED NOT NULL AUTO_INCREMENT, AUTO_INCREMENT=5;

--
-- AUTO_INCREMENT for table `admin_users_groups`
--
ALTER TABLE `admin_users_groups`
  MODIFY `id` int(11) UNSIGNED NOT NULL AUTO_INCREMENT, AUTO_INCREMENT=5;

--
-- AUTO_INCREMENT for table `ad_regions`
--
ALTER TABLE `ad_regions`
  MODIFY `id` int(11) NOT NULL AUTO_INCREMENT, AUTO_INCREMENT=60;

--
-- AUTO_INCREMENT for table `ad_types`
--
ALTER TABLE `ad_types`
  MODIFY `id` int(11) NOT NULL AUTO_INCREMENT, AUTO_INCREMENT=4;

--
-- AUTO_INCREMENT for table `api_access`
--
ALTER TABLE `api_access`
  MODIFY `id` int(11) UNSIGNED NOT NULL AUTO_INCREMENT;

--
-- AUTO_INCREMENT for table `api_keys`
--
ALTER TABLE `api_keys`
  MODIFY `id` int(11) NOT NULL AUTO_INCREMENT, AUTO_INCREMENT=2;

--
-- AUTO_INCREMENT for table `api_limits`
--
ALTER TABLE `api_limits`
  MODIFY `id` int(11) NOT NULL AUTO_INCREMENT;

--
-- AUTO_INCREMENT for table `api_logs`
--
ALTER TABLE `api_logs`
  MODIFY `id` int(11) NOT NULL AUTO_INCREMENT;

--
-- AUTO_INCREMENT for table `car_types`
--
ALTER TABLE `car_types`
  MODIFY `id` int(11) NOT NULL AUTO_INCREMENT, AUTO_INCREMENT=6;

--
-- AUTO_INCREMENT for table `groups`
--
ALTER TABLE `groups`
  MODIFY `id` mediumint(8) UNSIGNED NOT NULL AUTO_INCREMENT, AUTO_INCREMENT=2;

--
-- AUTO_INCREMENT for table `login_attempts`
--
ALTER TABLE `login_attempts`
  MODIFY `id` int(11) UNSIGNED NOT NULL AUTO_INCREMENT;

--
-- AUTO_INCREMENT for table `notifications`
--
ALTER TABLE `notifications`
  MODIFY `id` int(11) NOT NULL AUTO_INCREMENT, AUTO_INCREMENT=1269;

--
-- AUTO_INCREMENT for table `orders`
--
ALTER TABLE `orders`
  MODIFY `order_id` int(11) NOT NULL AUTO_INCREMENT, AUTO_INCREMENT=89;

--
-- AUTO_INCREMENT for table `records`
--
ALTER TABLE `records`
  MODIFY `id` int(11) NOT NULL AUTO_INCREMENT, AUTO_INCREMENT=1236;

--
-- AUTO_INCREMENT for table `users`
--
ALTER TABLE `users`
  MODIFY `id` int(11) UNSIGNED NOT NULL AUTO_INCREMENT, AUTO_INCREMENT=27;

--
-- AUTO_INCREMENT for table `users_groups`
--
ALTER TABLE `users_groups`
  MODIFY `id` int(11) UNSIGNED NOT NULL AUTO_INCREMENT, AUTO_INCREMENT=173;
COMMIT;

/*!40101 SET CHARACTER_SET_CLIENT=@OLD_CHARACTER_SET_CLIENT */;
/*!40101 SET CHARACTER_SET_RESULTS=@OLD_CHARACTER_SET_RESULTS */;
/*!40101 SET COLLATION_CONNECTION=@OLD_COLLATION_CONNECTION */;
